,keywords
k5O1F_IS0mU,"['진짜', '애정', '애정', '아이돌', '처음', '콘서트', '아이돌', '처음', '진짜', '익숙하지', '좋아하는', '마음', '자신', '상상', '만큼', '진짜', '사랑', '애정']"
k5O1F_IS0mU,['눈물']
k5O1F_IS0mU,"['노래', '좋네']"
k5O1F_IS0mU,"['패러블', '다시', '이쁜', '버전']"
k5O1F_IS0mU,"['언제', '행복하고', '좋은', '노래']"
k5O1F_IS0mU,"['감동', '아름답다', '뮤비']"
k5O1F_IS0mU,"['기존', '처음']"
k5O1F_IS0mU,['새해']
k5O1F_IS0mU,"['뮤비', '다시']"
k5O1F_IS0mU,"['안무', '진짜', '맛있다', '마지막', '시계', '안무']"
k5O1F_IS0mU,"['오늘', '다시', '보기', '다시']"
k5O1F_IS0mU,"['발매', '일이', '생일', '똑같아서']"
k5O1F_IS0mU,"['갑자기', '눈물', '좋아']"
k5O1F_IS0mU,"['주년', '축하', '한번', '이파리', '영원한', '이파리', '어디', '서나', '응원']"
k5O1F_IS0mU,"['역시', '좋다', '주년', '축하']"
k5O1F_IS0mU,"['처음', '이자', '마지막', '사랑']"
k5O1F_IS0mU,"['사랑', '영원히', '변치']"
k5O1F_IS0mU,"['데뷔', '주년', '개추']"
k5O1F_IS0mU,
k5O1F_IS0mU,"['언제', '에쁘']"
k5O1F_IS0mU,['귀엽네']
k5O1F_IS0mU,"['파트', '미쳤네']"
k5O1F_IS0mU,"['같은', '좋아', '변한', '세상', '그대로', '있어줘', '점점', '소중한', '노래']"
k5O1F_IS0mU,"['없어', '입문', '하루']"
k5O1F_IS0mU,
k5O1F_IS0mU,"['안녕하세요', '초등학교', '학년', '잼민', '그러니', '맞춤법', '살짝', '있다는', '세계', '아이돌', '년전', '키딩', '솔직히', '관심', '없었죠', '학년', '데뷔', '검색', '무작정', '화이팅', '사랑']"
k5O1F_IS0mU,"['레이브', '여자', '버전']"
k5O1F_IS0mU,"['마스터', '언제']"
k5O1F_IS0mU,"['현장', '다른', '감동', '있다']"
k5O1F_IS0mU,"['거도', '벌써']"
k5O1F_IS0mU,"['작곡가', '칸나', '아니라', '자기', '날조하지말라고', '오피', '굳이', '공모전', '과정', '유튜브', '날조', '좀하지마라']"
k5O1F_IS0mU,"['오늘', '신곡', '멜론', '위위', '다시', '영원하자']"
k5O1F_IS0mU,['우리']
k5O1F_IS0mU,['이쁘당']
k5O1F_IS0mU,"['커버', '고트']"
k5O1F_IS0mU,
k5O1F_IS0mU,['다시']
k5O1F_IS0mU,"['안무', '잘짯음']"
k5O1F_IS0mU,"['여기', '대르르']"
k5O1F_IS0mU,"['차원', '지금']"
k5O1F_IS0mU,"['별로', '좋아했는데', '달라짐']"
k5O1F_IS0mU,['사랑']
k5O1F_IS0mU,"['디시', '자표', '평소', '디시', '싫어하는', '루리웹', '디시']"
k5O1F_IS0mU,
k5O1F_IS0mU,"['집중', '높네']"
k5O1F_IS0mU,
k5O1F_IS0mU,
k5O1F_IS0mU,
k5O1F_IS0mU,"['갑자기', '경련', '머리', '이상한', '신호', '눈물', '이남']"
k5O1F_IS0mU,"['사실', '버스', '작업', '문제', '고작', '아니지만', '일부', '다행']"
k5O1F_IS0mU,"['하루', '시작']"
k5O1F_IS0mU,"['힘들', '위로']"
k5O1F_IS0mU,"['진짜', '댓글', '여기', '프사', '애니']"
k5O1F_IS0mU,
k5O1F_IS0mU,"['진짜', '보물', '인재']"
k5O1F_IS0mU,"['삭제', '일단', '현재', '논란', '안타깝네요', '노래']"
k5O1F_IS0mU,"['진짜', '좋아하구나']"
k5O1F_IS0mU,
k5O1F_IS0mU,
k5O1F_IS0mU,"['자신', '제작', '참여', '정당하게', '어떻게', '논란', '생기', '저작권', '신고', '영상']"
k5O1F_IS0mU,
k5O1F_IS0mU,"['해석', '부탁']"
k5O1F_IS0mU,"['베란다', '가위', '바위', '보릴', '버그', '짝짝']"
k5O1F_IS0mU,"['자신', '없어하는', '안무', '딴딴하고', '바로', '하이라이트', '안무', '노벨상', '고음', '어서', '안무', '사랑스럽다', '짝짝', '귀여워', '사랑스러워', '어쩌']"
k5O1F_IS0mU,"['축하', '영상', '좋겠다']"
k5O1F_IS0mU,['여기']
k5O1F_IS0mU,"['행복하게', '좋겠다']"
k5O1F_IS0mU,['백만']
k5O1F_IS0mU,
k5O1F_IS0mU,
k5O1F_IS0mU,['백만']
k5O1F_IS0mU,"['순회', '공연']"
k5O1F_IS0mU,
k5O1F_IS0mU,['화성']
k5O1F_IS0mU,"['항상', '응원', '파이팅', '나쁜', '댓글', '관심', '생각']"
k5O1F_IS0mU,"['예전', '분위기', '글러먹었']"
k5O1F_IS0mU,"['릴파님', '좋겠습니다', '고생', '겨우', '순항', '싫어하는', '사람', '물어', '상관', '자신', '가면', '밑습니']"
k5O1F_IS0mU,
k5O1F_IS0mU,['최고']
k5O1F_IS0mU,"['영상', '없어서', '여기', '다행']"
k5O1F_IS0mU,
k5O1F_IS0mU,"['태연하게', '방송', '온갖', '착취', '가스', '있을', '누가', '감히', '의심', '우왁굳님', '조롱', '당하시던데', '딱히', '불쌍하다고', '생각', '듭니', '오늘', '해명', '방송', '횡설수설', '주제', '대한', '명확', '성도', '없고', '갈피', '참으로', '인간', '투명하게', '주제', '파악', '인간', '인간', '유튜브', '알고리즘', '배그', '영상', '시작', '인해', '야끼소바', '컵라면', '구매', '보기', '흔히', '아니지만', '영향', '일반인', '영향', '사람', '뭔가', '아이돌', '프로젝트', '심드렁', '딱히', '버튜버', '관심', '없던', '시절', '서요', '악놀', '재밌었습니다', '멤버', '마크', '세상', '모습', '기도', '시간', '소름', '진실', '인간', '말종', '변태', '대체', '사회', '거리', '여전히', '뜨거운', '감자', '열정', '페이', '일삼', '가스', '것입', '예전', '무슨', '유튜브', '썸네일', '시청자', '개인정보', '요구', '정당한', '문화', '상품권', '저작권', '위반', '불리하게', '적용', '용의', '있는', '영상', '대거', '삭제', '진짜', '사람', '이해', '주변', '거리', '채널', '딱히', '의미', '없을', '같아서', '줄기', '뮤비', '삭제', '여기', '댓글', '댓글', '많은', '지금', '상황', '냉정히', '판단', '바보']"
k5O1F_IS0mU,"['직접', '안무', '라이브']"
k5O1F_IS0mU,['좋겠다']
k5O1F_IS0mU,"['노래', '좋다']"
k5O1F_IS0mU,"['행복했으면', '좋겠다']"
k5O1F_IS0mU,"['같은거', '지도', '뮤비', '아이브', '개똥값', '제작', '뮤비', '감독', '집때', '헐값', '제작', '소리', '짘짜']"
k5O1F_IS0mU,"['노래', '저작권', '아니라', '뮤비', '저작권']"
k5O1F_IS0mU,['있네']
k5O1F_IS0mU,['원본']
k5O1F_IS0mU,['원본']
k5O1F_IS0mU,"['삭제', '안되지']"
k5O1F_IS0mU,['삭제']
k5O1F_IS0mU,['삭제']
k5O1F_IS0mU,"['엉엉', '울면', '피온', '이파리', '잎추']"
k5O1F_IS0mU,"['마지막', '댓글', '개월']"
k5O1F_IS0mU,"['부분', '댄서', '르르', '댄서', '느낌']"
k5O1F_IS0mU,['추억']
k5O1F_IS0mU,"['연때', '엔딩', '찡해지겠는데']"
k5O1F_IS0mU,['라이븐']
k5O1F_IS0mU,"['다시', '나로']"
k5O1F_IS0mU,"['이야기', '시작', '아마', '마지막']"
k5O1F_IS0mU,
k5O1F_IS0mU,"['있는', '사람', '있겠지만', '사람', '위해', '페스티벌', '버전', '업로드', '날짜', '원본', '업로드', '날짜', '똑같습니다']"
k5O1F_IS0mU,"['벌써', '페스티벌', '고척돔', '다시', '한번']"
k5O1F_IS0mU,"['다시', '감동', '우리']"
k5O1F_IS0mU,"['갑자기', '궁금점', '부드러운', '기업', '모션캡쳐', '시스템', '있어야만']"
k5O1F_IS0mU,"['르르땅', '머리', '리본']"
k5O1F_IS0mU,"['진짜', '몇번', '실시간', '치유', '같다', '방금', '기름', '대인', '손등', '통증', '미쳤어', '진짜']"
k5O1F_IS0mU,
k5O1F_IS0mU,"['벌써', '년전']"
k5O1F_IS0mU,"['레이브', '음악', '방송', '무대', '대단한']"
k5O1F_IS0mU,"['좋네', '스읍']"
k5O1F_IS0mU,
k5O1F_IS0mU,"['눈물', '버튼', '된거']"
k5O1F_IS0mU,"['진짜', '데뷔', '가사', '영상', '클라이맥스', '데뷔', '근본', '진짜', '행복하고', '영원하자', '세계', '아이돌']"
k5O1F_IS0mU,"['후렴구', '레전드']"
k5O1F_IS0mU,
k5O1F_IS0mU,['추억']
k5O1F_IS0mU,
k5O1F_IS0mU,"['지금', '후회', '지금', '하나', '이파리', '로서', '열심', '응원']"
k5O1F_IS0mU,['간바레']
k5O1F_IS0mU,"['진짜', '좋아요']"
k5O1F_IS0mU,
k5O1F_IS0mU,"['안무', '노래', '전부', '좋다']"
k5O1F_IS0mU,['귀엽다']
k5O1F_IS0mU,
k5O1F_IS0mU,"['볼때', '같으면', '추해라', '오늘']"
k5O1F_IS0mU,"['컨텐츠', '갑자기', '음악', '실제', '보기', '동선', '안무', '재밋을거같']"
k5O1F_IS0mU,"['노래', '왜케들', '증말']"
k5O1F_IS0mU,"['노래', '좋다']"
k5O1F_IS0mU,"['실제', '가수', '직접', '모션캡처', '실시간', '아니면', '녹화', '같은', '진짜', '모름']"
k5O1F_IS0mU,"['픽셀', '아바타', '때로는', '그림', '같은', '진짜', '사람', '처럼', '친근한', '느낌', '버츄얼', '양지', '해도', '과언', '아닌', '아이돌']"
k5O1F_IS0mU,
k5O1F_IS0mU,"['좋아하는건', '씹덕', '아니면']"
k5O1F_IS0mU,"['처음', '뮤비', '뭔가', '느낌', '강했는데', '개별', '안무가', '적용', '버전', '좋다']"
k5O1F_IS0mU,
k5O1F_IS0mU,
k5O1F_IS0mU,
k5O1F_IS0mU,
k5O1F_IS0mU,"['얼공', '순간', '이곡', '음방', '무대', '그런']"
k5O1F_IS0mU,"['버스', '디유', '탬버린', '과고', '세구', '나나', '나나', '나나', '나나', '던키', '유월', '커버송', '부탁']"
k5O1F_IS0mU,
k5O1F_IS0mU,"['전설', '이야기', '좋아한다']"
k5O1F_IS0mU,"['다시', '좋다']"
k5O1F_IS0mU,['좋다']
k5O1F_IS0mU,"['선생님', '자막', '화면', '확대', '무대', '중앙', '고정', '다음', '화질', '아주']"
k5O1F_IS0mU,"['세계', '돌축합']"
k5O1F_IS0mU,"['노래', '가장', '좋던데']"
k5O1F_IS0mU,"['안무', '진짜', '개미', '대체', '어떤', '아시', '리지', '안무', '코러스', '포인트', '댄스', '브레이크', '산만하지가', '유명', '안무', '대부분', '없는듯']"
k5O1F_IS0mU,
k5O1F_IS0mU,
k5O1F_IS0mU,"['릴파', '스키', '음색', '뭔가', '노래', '심심하지', '풍부하게', '느낌', '좋다']"
k5O1F_IS0mU,"['특하루', '원래', '노래', '같은', '경우', '그러지', '키포인트']"
k5O1F_IS0mU,"['세계', '아이돌', '항상', '사랑', '항상', '건강하구', '항상', '좋은', '일만', '가득할거에요', '추억', '생각']"
k5O1F_IS0mU,"['군무', '미쳐', '좋다']"
k5O1F_IS0mU,"['우리', '화면', '와이드', '행복하다']"
k5O1F_IS0mU,"['눈물', '버튼']"
k5O1F_IS0mU,"['진짜', '처음', '참고']"
k5O1F_IS0mU,
k5O1F_IS0mU,"['처음', '노래', '다시', '슬플것', '같아', '시작', '있으면', '있는게', '느리게']"
k5O1F_IS0mU,"['리버풀', '레전드', '제라드', '반한', '세계']"
k5O1F_IS0mU,"['진짜', '마다', '웅장', '표현', '몽글몽글하고', '벅찬', '느낌', '있음']"
k5O1F_IS0mU,"['여기', '뭔가', '깃발', '멋있을거', '같다']"
k5O1F_IS0mU,"['년생', '이파리', '업업']"
k5O1F_IS0mU,"['마지막', '안무', '레전드', '하트', '시계', '안무', '버스', '탄성', '절로', '눈물']"
k5O1F_IS0mU,
k5O1F_IS0mU,"['비챤', '음색', '진짜', '미친것', '같아요', '항상', '심장', '떨려잉']"
k5O1F_IS0mU,"['추천', '노래', '좋네']"
k5O1F_IS0mU,"['이파리', '속상한데', '키딩', '유입', '눈물']"
k5O1F_IS0mU,"['무대', '안무', '누가', '중간', '중간', '안무가', '있냐', '무대']"
k5O1F_IS0mU,"['하필', '음반', '슬픈', '노래인거야', '벌써', '상상', '가사', '심란하지만', '그날', '그때', '꾸준히', '좋아한다', '사랑', '주르르']"
k5O1F_IS0mU,"['세계', '아이돌', '이야기', '시작', '입니다']"
k5O1F_IS0mU,"['센터', '르르', '미쳐']"
k5O1F_IS0mU,"['언제', '위로', '입니다', '항상', '응원', '세계', '아이돌']"
k5O1F_IS0mU,['사랑']
k5O1F_IS0mU,"['마스터', '버전', '음질', '다른거', '같아서요']"
k5O1F_IS0mU,"['안녕하세요', '도덕', '수업', '달기', '있는', '중학교', '학년', '학생', '입니다', '항상', '세계', '아이돌', '영상', '마음', '편안함', '같아요', '안무가', '없던', '노래', '새로운', '안무가', '추가', '좋은가', '사가', '마음', '같아요', '좋은', '영상', '부탁']"
k5O1F_IS0mU,
k5O1F_IS0mU,"['제일', '좋다']"
k5O1F_IS0mU,['대박']
k5O1F_IS0mU,"['모든', '멤버', '목소리', '다음', '콜라보레이션', '독창', '음악', '좋아한다고', '미국']"
k5O1F_IS0mU,"['벌써', '계월', '전이']"
k5O1F_IS0mU,['지리']
k5O1F_IS0mU,['홧팅']
k5O1F_IS0mU,"['소녀시대', '느낌']"
k5O1F_IS0mU,
k5O1F_IS0mU,"['부분', '진짜', '좋고', '좋고', '고트', '생각', '좋다']"
k5O1F_IS0mU,"['시계', '동작', '좋다', '진짜']"
k5O1F_IS0mU,"['러블', '리즈']"
k5O1F_IS0mU,"['어째서', '눈물']"
k5O1F_IS0mU,"['응원', '세계', '아이돌', '최고다']"
k5O1F_IS0mU,"['좋으면', '개추']"
k5O1F_IS0mU,"['진짜', '슬프다', '노래', '진짜', '좋은데', '뭔가', '멤버', '고생', '멜론', '차트', '생각', '이파리', '감동', '진짜', '영원했으면', '좋겠다']"
k5O1F_IS0mU,"['진짜', '매번', '감동', '최고', '진짜', '사랑']"
k5O1F_IS0mU,"['노래', '좋아요']"
k5O1F_IS0mU,['진짜']
k5O1F_IS0mU,
k5O1F_IS0mU,"['진짜', '레전드']"
k5O1F_IS0mU,"['진짜', '좋다']"
k5O1F_IS0mU,"['평생', '덕질', '본적', '없고', '이해', '영상']"
k5O1F_IS0mU,['레전드']
k5O1F_IS0mU,"['진짜', '같아']"
k5O1F_IS0mU,"['어쨰', '감동']"
k5O1F_IS0mU,"['좋다', '전주', '몰입', '최고']"
k5O1F_IS0mU,"['십년', '백년', '전설', '입니다']"
k5O1F_IS0mU,"['아니', '주전', '입덕', '좋아', '미치겠네요']"
k5O1F_IS0mU,"['원래', '다른', '버츄얼', '그룹', '좋아했었는데', '완벽히', '아니', '안무', '정성', '고이', '고이', '느낌', '숩니']"
k5O1F_IS0mU,"['주르르', '누가', '제일']"
k5O1F_IS0mU,"['처음', '좋아하지', '랬는데', '지금', '하루', '한번']"
k5O1F_IS0mU,"['지금', '상황', '비슷하네요']"
k5O1F_IS0mU,['저기']
k5O1F_IS0mU,"['안무', '바로', '개념', '추천']"
k5O1F_IS0mU,"['눈물', '작년']"
k5O1F_IS0mU,"['주위', '없으면', '바람']"
k5O1F_IS0mU,"['자동', '재생', '다른데', '버전']"
k5O1F_IS0mU,"['미쳤다', '가슴', '뭉클해진다']"
k5O1F_IS0mU,"['린다', '주르르']"
k5O1F_IS0mU,"['여기', '부분', '좋음']"
k5O1F_IS0mU,"['카메라', '연출', '아쉽다', '평면', '고정', '아쉽다', '무대', '넓게', '좋았을거', '같다']"
k5O1F_IS0mU,"['마지막', '사랑', '부분']"
k5O1F_IS0mU,"['사람', '전부', '눈물', '범벅', '신사장', '대단한리', '감명', '사람', '눌물', '콧물', '저번', '국밥', '차원', '아이돌', '대단한', '감명', '주인공', '무즈', '만회', '노래', '중위', '슬플', '신나고', '등부', '공식', '수학자', '이름', '마다', '기겁', '킹갓', '제네럴', '슈퍼', '울트라', '마가', '리자', '베스', '하이퍼', '얼티밋', '튜링', '러브']"
k5O1F_IS0mU,"['해체', '감정이입', '치면', '개추']"
k5O1F_IS0mU,"['제기랄', '공부', '드을', '숭배', '숭배', '시작', '집중', '숭배', '목도', '한자', '사명', '숭배', '시작']"
k5O1F_IS0mU,"['머릿속', '빤짝', '발사', '소리']"
k5O1F_IS0mU,"['안무', '있는', '버젼', '퍼포먼스', '영상', '좋겠다', '예쁜', '연습', '고정', '각도', '다양한', '각도', '요즘', '개인', '얼빡캠', '있던데', '케이팝', '아이돌', '처럼', '입덕', '영상', '있는거']"
k5O1F_IS0mU,"['유독', '신나게', '귀여워']"
k5O1F_IS0mU,"['세구', '여기', '키크']"
k5O1F_IS0mU,"['그날', '우리', '시간', '년전']"
k5O1F_IS0mU,"['댄서', '가요']"
k5O1F_IS0mU,"['처음', '십덕', '있겠는데', '방송', '영상', '사람', '흐믓', '문득', '새삼', '대단해']"
k5O1F_IS0mU,"['마스터피스', '퀄리티', '좋은데도', '임팩트', '없네요', '다시', '있을', '아쉬운', '부분']"
k5O1F_IS0mU,"['왜인', '찡하게']"
k5O1F_IS0mU,"['어떻게', '가요', '저리']"
k5O1F_IS0mU,"['진짜', '다음', '간다']"
k5O1F_IS0mU,"['안무가', '안무가', '골반', '무브먼트', '최고', '생각', '모에']"
k5O1F_IS0mU,"['언제', '근본', '노래', '감동', '있네']"
k5O1F_IS0mU,"['청순', '보컬', '버거', '릴파', '홍조', '여신', '주르르', '예능', '천재', '세구', '음색', '요정', '비챤', '세계', '아이돌']"
k5O1F_IS0mU,"['음색', '뭔가', '레몬', '달콤한', '느낌', '중독', '있는', '음색']"
k5O1F_IS0mU,['굿굿']
k5O1F_IS0mU,"['댓글', '답글', '응원']"
k5O1F_IS0mU,"['각자', '본캐', '직접', '가요']"
k5O1F_IS0mU,['존사']
k5O1F_IS0mU,['좋은']
k5O1F_IS0mU,"['데뷔', '런가', '진짜', '좋다']"
k5O1F_IS0mU,"['마지막', '후렴구', '부분', '머릿속', '폭죽', '소리', '자동', '재생']"
k5O1F_IS0mU,"['여섯', '세구']"
k5O1F_IS0mU,"['다시', '행복했습니다', '개인', '버거', '긴장', '처럼', '버거', '다른', '멤버', '굳어서', '생동감', '부족한', '느낌', '안타까워요', '실수', '안된다', '완벽하게', '완성', '압박', '처럼', '안타까웠어요']"
k5O1F_IS0mU,"['진짜', '콘서트장', '공연', '노래', '있는']"
k5O1F_IS0mU,"['확실', '좋은데', '하이라이트', '부분', '애매한거', '같음']"
k5O1F_IS0mU,"['안무가', '얼마']"
k5O1F_IS0mU,"['이제야', '봉인', '아바타', '버전', '좋아']"
k5O1F_IS0mU,"['뭔가', '같네요', '좋은', '같아요']"
k5O1F_IS0mU,"['거가', '져스트', '댄스', '늒잉미']"
k5O1F_IS0mU,"['언제', '어도', '행복', '음악']"
k5O1F_IS0mU,"['자막', '색깔', '미쳣다', '진짜']"
k5O1F_IS0mU,
k5O1F_IS0mU,
k5O1F_IS0mU,"['세계', '아이돌', '영원하라']"
k5O1F_IS0mU,['하이라이트']
k5O1F_IS0mU,['영상']
k5O1F_IS0mU,"['멤버', '직접']"
k5O1F_IS0mU,
k5O1F_IS0mU,['똥마려']
k5O1F_IS0mU,"['신나서', '지금', '다시', '갑자기', '눈물', '같다']"
k5O1F_IS0mU,"['최고다', '르르땅']"
k5O1F_IS0mU,"['얀데레', '노래']"
k5O1F_IS0mU,"['군인', '시절', '구석', '어색해서', '동영상', '이파리', '어디', '있다']"
k5O1F_IS0mU,
k5O1F_IS0mU,"['뮤비', '응원봉', '실제', '응원봉', '많은게', '진짜', '성장했다는게']"
k5O1F_IS0mU,['근본']
k5O1F_IS0mU,"['현실', '장비', '거임', '같은', '안무', '주르르', '춤선', '예쁜', '같지']"
k5O1F_IS0mU,"['진짜', '멤버', '전부', '고생', '영상', '얼마나', '감동', '성장하다니', '이파리', '하나로', '감동', '오지']"
k5O1F_IS0mU,"['눈물', '분명', '예상', '막상', '노래', '추억', '마지막', '세계', '아이돌', '이야기', '시작', '입니다', '부분', '좋았어요', '당연히', '안되겠지만', '행복할', '행복했어요', '집도', '비슷한', '완전', '대중', '입니다']"
k5O1F_IS0mU,
k5O1F_IS0mU,
k5O1F_IS0mU,"['선정', '우려', '행복한', '노래']"
k5O1F_IS0mU,['새해']
k5O1F_IS0mU,"['막상', '볼때', '신났어서', '안무', '같은것도', '제대로', '다시', '디테일', '하나', '하나', '있으니까', '좋다']"
k5O1F_IS0mU,"['페때', '실제', '무대', '노래', '라이브']"
k5O1F_IS0mU,"['노래', '진짜', '좋다', '유일하게', '결제', '소장']"
k5O1F_IS0mU,"['센터', '천재', '주르르']"
k5O1F_IS0mU,
k5O1F_IS0mU,"['시계', '감기', '표시', '반대', '시계탑', '모습', '좌우', '반전', '시계', '시계', '방향']"
k5O1F_IS0mU,['해피뉴이어']
k5O1F_IS0mU,"['월일', '개추']"
k5O1F_IS0mU,['해피']
k5O1F_IS0mU,"['없는', '그날']"
k5O1F_IS0mU,['눈물']
k5O1F_IS0mU,"['개인', '마지막', '원래', '뮤비', '르르땅', '마이크', '관객', '장면', '진짜', '같음', '지금', '안무', '좋다']"
k5O1F_IS0mU,"['미용실', '키링', '순간', '설렜다']"
k5O1F_IS0mU,"['이쁘다', '우리', '아이돌', '사랑']"
k5O1F_IS0mU,"['볼때', '감동']"
k5O1F_IS0mU,['시작']
k5O1F_IS0mU,"['영어', '시험', '순간', '시험지', '가사', '빼곡', '어둠']"
k5O1F_IS0mU,"['언제', '질리', '노래', '다른', '노래', '좋지만', '취향']"
k5O1F_IS0mU,"['기단', '안무', '다른', '버들', '모습', '뮤비', '독보', '속상했어요', '챠니챠니', '부가', '유독', '독보', '모습', '같았어요', '그래두', '확대', '괜찮', '아니', '괜찮아']"
k5O1F_IS0mU,"['처음', '감동', '스럽고', '좋아서', '충격', '언제', '그때', '감동', '그대로', '노래', '질리', '좋은데', '막곡', '감동', '스러워서', '눈물', '안무', '좋았어요', '사랑']"
k5O1F_IS0mU,"['전주', '가슴', '뭉클해지는', '그런', '노래']"
k5O1F_IS0mU,"['시계', '안무', '진짜', '이쁘다']"
k5O1F_IS0mU,
k5O1F_IS0mU,
k5O1F_IS0mU,"['진짜', '우리', '벌써', '주년']"
k5O1F_IS0mU,['진짜']
k5O1F_IS0mU,['라이브']
k5O1F_IS0mU,"['릴파', '버거', '세구', '님비', '주르르', '항상', '건강하시고', '새해', '항상', '좋은', '노래']"
k5O1F_IS0mU,['가사']
k5O1F_IS0mU,"['친구', '좋아하겠네']"
k5O1F_IS0mU,"['이파리', '더블']"
k5O1F_IS0mU,['씹덕']
k5O1F_IS0mU,"['각자', '모션캡쳐', '아님', '아니다', '각각', '각자']"
k5O1F_IS0mU,"['완무', '좋당']"
k5O1F_IS0mU,"['옛날', '오타쿠', '오덕후', '하나', '시대', '도래']"
k5O1F_IS0mU,"['고맙', '읍니']"
k5O1F_IS0mU,['평생']
k5O1F_IS0mU,"['쩐다', '화이팅']"
k5O1F_IS0mU,"['진짜', '르르땅', '예쁜', '확신', '센터', '주르르']"
k5O1F_IS0mU,"['영상', '감동']"
k5O1F_IS0mU,['생생하다']
k5O1F_IS0mU,
k5O1F_IS0mU,"['궁금한게', '사람', '직접', '가요']"
k5O1F_IS0mU,
k5O1F_IS0mU,"['진짜', '전설', '시작']"
k5O1F_IS0mU,"['안무', '노래', '매력', '반감']"
k5O1F_IS0mU,"['와이드', '모니터']"
k5O1F_IS0mU,"['크리스마스', '선물', '이런', '영상']"
k5O1F_IS0mU,"['진짜', '감동']"
k5O1F_IS0mU,
k5O1F_IS0mU,"['소름', '노래', '진짜', '미쳤']"
k5O1F_IS0mU,['데디']
k5O1F_IS0mU,['좋다']
k5O1F_IS0mU,"['주르르', '춤선', '미쳤다']"
k5O1F_IS0mU,
k5O1F_IS0mU,"['각자', '안무가', '있어서', '그런지', '감동', '넘친다']"
k5O1F_IS0mU,"['진짜', '근본', '비챤님', '생일도', '얼마', '안남았고']"
k5O1F_IS0mU,"['노래', '옛날', '친구']"
k5O1F_IS0mU,['노래']
k5O1F_IS0mU,"['어떤', '시간', '감성', '유일한', '노래']"
k5O1F_IS0mU,"['주년', '진심', '축하']"
k5O1F_IS0mU,"['역시', '최고']"
k5O1F_IS0mU,"['그때', '감동', '우리', '추억', '듣기', '해도', '눈물']"
k5O1F_IS0mU,"['노래', '좋아요', '처음', '입덕']"
k5O1F_IS0mU,"['그러고', '뮤비', '벌써']"
k5O1F_IS0mU,"['근본', '눈물', '없는', '감동', '있다']"
k5O1F_IS0mU,"['잠수', '준비']"
k5O1F_IS0mU,"['이런', '촬영', '어케']"
k5O1F_IS0mU,"['현장', '감동', '다시', '한번']"
k5O1F_IS0mU,"['버전', '재녹음', '아님', '기존', '음원', '가용']"
k5O1F_IS0mU,"['듣기', '해도', '벅차오르는', '무언가', '있다', '발매', '엊그제', '같은데', '벌써', '시간', '페스티벌', '기술', '어떤', '발전', '해나', '하루하루', '기대', '좋은', '활동', '오래오래', '항상', '응원']"
k5O1F_IS0mU,"['버전', '안무']"
k5O1F_IS0mU,"['리외인드', '성적', '뮤비퀼', '마음']"
k5O1F_IS0mU,['이쁘다']
k5O1F_IS0mU,"['점점', '희미해져가던', '기억', '다시', '있도록', '무대', '영상', '지금', '편집자', '오히려']"
k5O1F_IS0mU,"['진짜', '노래', '퀄리티', '좋은', '아니냐고']"
k5O1F_IS0mU,
k5O1F_IS0mU,"['가슴', '웅장']"
k5O1F_IS0mU,
k5O1F_IS0mU,['눈물']
k5O1F_IS0mU,
k5O1F_IS0mU,"['원래', '어깨춤', '좋아했었는데', '아쉽긴', '명곡']"
k5O1F_IS0mU,"['작품', '이름']"
k5O1F_IS0mU,"['공연장', '평생', '개뿔', '좋다', '도파민', '중독']"
k5O1F_IS0mU,
k5O1F_IS0mU,"['진짜', '좋아']"
k5O1F_IS0mU,"['역시', '만회', '노래', '웅징']"
k5O1F_IS0mU,
k5O1F_IS0mU,
k5O1F_IS0mU,"['행복하다', '눈물', '있었음']"
k5O1F_IS0mU,"['이파리', '응원', '그때']"
k5O1F_IS0mU,
k5O1F_IS0mU,"['프라', '우드']"
k5O1F_IS0mU,['근본']
k5O1F_IS0mU,"['페스티벌', '버전', '멤버', '전원', '보컬', '엄청나게', '성장한거', '같아서', '기분', '좋다']"
k5O1F_IS0mU,"['안무', '좋다']"
k5O1F_IS0mU,
k5O1F_IS0mU,['그날']
k5O1F_IS0mU,"['목소리', '쫀득', '같은', '느낌']"
k5O1F_IS0mU,"['이자', '생각', '노래', '노래']"
k5O1F_IS0mU,['같은데']
k5O1F_IS0mU,['근본']
k5O1F_IS0mU,['멤버']
k5O1F_IS0mU,"['뜬금', '없는', '버거', '예쁘네']"
k5O1F_IS0mU,"['감동', '있다', '어느샌가', '버거']"
k5O1F_IS0mU,"['진짜', '하트', '안무', '좋다']"
k5O1F_IS0mU,"['혹시', '설마', '지상파', '연말', '가요', '축제', '같은', '초대']"
k5O1F_IS0mU,"['완전', '아이돌', '같네요', '신기한', '경험']"
k5O1F_IS0mU,"['진짜', '안무', '빡세']"
k5O1F_IS0mU,"['크아', '역시', '근본']"
k5O1F_IS0mU,"['진짜', '구라', '아니라', '독감', '때매', '아파', '퍼정', '같아요']"
k5O1F_IS0mU,"['과정', '더욱', '아름다운', '노래']"
k5O1F_IS0mU,"['현장', '이파리', '개추']"
k5O1F_IS0mU,['심장']
k5O1F_IS0mU,"['진짜', '감동']"
k5O1F_IS0mU,
k5O1F_IS0mU,"['근본', '말로', '설명', '가능']"
k5O1F_IS0mU,"['진짜', '처음', '진심', '눈물', '최고다']"
k5O1F_IS0mU,['최고다']
k5O1F_IS0mU,"['진짜', '르르땅보', '입덕', '진짜', '최고', '그룹']"
k5O1F_IS0mU,"['겨울', '그렇고', '그렇고', '안무', '수어', '포함']"
k5O1F_IS0mU,"['아씨', '진짜']"
k5O1F_IS0mU,"['라이브', '전이']"
k5O1F_IS0mU,
k5O1F_IS0mU,"['이제야', '그때', '감동', '진짜', '없어요']"
k5O1F_IS0mU,['좋다']
k5O1F_IS0mU,"['몇번', '질리', '명곡', '진짜', '마음', '벅차오름']"
k5O1F_IS0mU,"['데뷔', '지금', '희로애락', '이파리', '마음속', '무언가', '생각', '우리', '있으서', '특별함을', '무언가', '가지', '있는', '입니다']"
k5O1F_IS0mU,"['진짜', '지금', '어도', '좋아']"
k5O1F_IS0mU,['감기']
k5O1F_IS0mU,"['크리스마스', '직전', '진짜', '낭만', '좋아하고', '사랑']"
k5O1F_IS0mU,"['진짜', '눈물']"
k5O1F_IS0mU,"['자체', '좋지만', '감성', '미친듯']"
k5O1F_IS0mU,['하나']
k5O1F_IS0mU,"['릴파', '간격', '다른거', '뭔가', '귀엽다']"
k5O1F_IS0mU,"['없는', '전율', '다시', '한번']"
k5O1F_IS0mU,"['진짜', '씹덕', '소리', '있음']"
k5O1F_IS0mU,"['별거', '아닌거로', '짜증날', '노래', '짜증난거', '노래', '좋아']"
k5O1F_IS0mU,"['후반', '폭죽', '모든', '감정', '한번']"
k5O1F_IS0mU,"['좋아합니다', '진짜']"
k5O1F_IS0mU,['초심']
k5O1F_IS0mU,"['진짜', '감정', '콘서트', '감정', '진짜', '말로', '형용', '없는', '감정', '인생', '생각', '세계', '아이돌', '영원히']"
k5O1F_IS0mU,"['감성', '여전히', '미쳤다']"
k5O1F_IS0mU,
k5O1F_IS0mU,"['생각', '안무', '브릿지', '부분', '안무', '빠르네']"
k5O1F_IS0mU,
k5O1F_IS0mU,
k5O1F_IS0mU,"['진짜', '감동', '쵝오']"
k5O1F_IS0mU,['전율']
k5O1F_IS0mU,['진짜']
k5O1F_IS0mU,"['시계', '무슨', '의미', '사람', '있나요']"
k5O1F_IS0mU,"['진짜', '겨울']"
k5O1F_IS0mU,['간전']
k5O1F_IS0mU,"['페스티벌', '버전', '바로', '노래', '목록', '저장', '영원히']"
k5O1F_IS0mU,"['벌써', '페스티벌', '예약']"
k5O1F_IS0mU,"['이파리', '고막']"
k5O1F_IS0mU,"['버거', '뉴릴파', '뉴르르', '뉴비챤', '새로운', '아바타', '벌써', '발매', '한지']"
k5O1F_IS0mU,"['진짜', '눈물', '벅차오른다']"
k5O1F_IS0mU,"['르르땅', '이쁜거아니냐고']"
k5O1F_IS0mU,
k5O1F_IS0mU,"['진짜', '좋다']"
k5O1F_IS0mU,
k5O1F_IS0mU,"['근본', '회상']"
k5O1F_IS0mU,"['언제', '감동']"
k5O1F_IS0mU,"['년전', '감동', '지금', '현재', '다시', '한번', '감동']"
k5O1F_IS0mU,['사랑']
k5O1F_IS0mU,
k5O1F_IS0mU,
k5O1F_IS0mU,"['벌써', '화이팅']"
k5O1F_IS0mU,
k5O1F_IS0mU,"['개인', '부분', '안무', '마음']"
k5O1F_IS0mU,"['안무', '귀엽다']"
k5O1F_IS0mU,"['여기', '부가', '하트', '진짜']"
k5O1F_IS0mU,"['감동', '있다']"
k5O1F_IS0mU,['눈물']
k5O1F_IS0mU,
k5O1F_IS0mU,"['모션', '매끄러운거', '진짜', '가슴', '웅장', '군무', '실화', '촬영', '선생님', '고생', '퀄리티', '레전드']"
k5O1F_IS0mU,"['노래', '제일', '좋더라']"
k5O1F_IS0mU,"['다시', '어도', '좋다']"
k5O1F_IS0mU,"['좋고', '그때', '감정', '사랑']"
k5O1F_IS0mU,"['응원', '더해진', '최고']"
k5O1F_IS0mU,['화이팅']
k5O1F_IS0mU,"['산타', '선물']"
k5O1F_IS0mU,"['근본', '잡채']"
k5O1F_IS0mU,"['역시', '몇번', '진짜']"
k5O1F_IS0mU,"['노래', '눈물', '좋다']"
k5O1F_IS0mU,"['진짜', '많은', '감동', '있다']"
k5O1F_IS0mU,"['처음', '우럭']"
k5O1F_IS0mU,"['신세계', '진짜', '소속사', '사장', '고집', '세계', '아이돌', '전설', '작곡']"
k5O1F_IS0mU,
k5O1F_IS0mU,"['진짜', '좋다']"
k5O1F_IS0mU,"['언제', '어도', '좋다', '명곡']"
k5O1F_IS0mU,['행복하다']
k5O1F_IS0mU,"['년월', '오늘', '년월', '벌써', '좋겠다']"
k5O1F_IS0mU,"['전설', '시작', '기술', '다시', '감회', '새롭네요']"
k5O1F_IS0mU,"['유튜브', '영상', '업로드', '날짜']"
k5O1F_IS0mU,"['미쳤', '안무', '버젼']"
k5O1F_IS0mU,['그날']
k5O1F_IS0mU,"['진짜', '응원', '진짜', '집도', '좋겠음']"
k5O1F_IS0mU,
k5O1F_IS0mU,"['진짜', '아바타', '같음']"
k5O1F_IS0mU,"['언제', '어도', '감동', '그런', '노래']"
k5O1F_IS0mU,
k5O1F_IS0mU,"['마지막', '안무', '감동', '현장', '다시']"
k5O1F_IS0mU,"['동작', '과격해요']"
k5O1F_IS0mU,
k5O1F_IS0mU,"['처음', '콘서트', '무대', '재미있지만', '엄청나게', '아픈', '다리', '마지막', '막스', '좋아서', '기절']"
k5O1F_IS0mU,"['노래', '동안', '진짜', '재밌고', '행복한', '추억', '느낌']"
k5O1F_IS0mU,"['처음', '감동']"
k5O1F_IS0mU,"['다시', '좋았는데']"
k5O1F_IS0mU,
k5O1F_IS0mU,"['오늘', '발매', '그동안', '누구', '업적', '생각', '멤버', '좋은', '있으면', '좋겠습니다', '가사', '차원']"
k5O1F_IS0mU,"['비챤', '주르르', '움직임', '찰떡']"
k5O1F_IS0mU,"['안무가', '별로', '없던', '좋지만', '안무', '진짜', '좋다']"
k5O1F_IS0mU,"['전설', '시작', '콘서트', '이파리', '진짜', '폭풍', '오열', '단독', '콘서트']"
k5O1F_IS0mU,"['진짜', '처음', '모든', '추억', '머리', '해지', '분명', '시청자', '좋아하던데', '같은데', '버거', '릴파', '주르르', '세구', '비챤', '화이팅']"
k5O1F_IS0mU,"['눈물', '폭발', '응원', '진짜']"
k5O1F_IS0mU,"['감동', '있다']"
k5O1F_IS0mU,['좋아']
k5O1F_IS0mU,['좋아']
k5O1F_IS0mU,
k5O1F_IS0mU,['댄브르르']
k5O1F_IS0mU,"['진짜', '진심', '쩐다', '띵곡', '진심', '리와임드', '좋아요', '사랑']"
k5O1F_IS0mU,"['진심', '슬플', '눈물']"
k5O1F_IS0mU,['뭉클하냐']
k5O1F_IS0mU,"['댄브', '미쳤어요']"
k5O1F_IS0mU,
k5O1F_IS0mU,"['주르르', '댄서', '자꾸', '눈길', '같아요']"
k5O1F_IS0mU,
k5O1F_IS0mU,"['세계', '아이돌', '정체', '이자', '근본', '있는']"
k5O1F_IS0mU,"['생일', '좋다', '사랑']"
k5O1F_IS0mU,"['뭔가', '감동', '있다', '입덕', '부정', '유일하게', '거부', '영상', '팬서비스', '키딩', '그런', '역할', '처음', '이자', '마지막', '사랑', '수도', '있었던', '그럴까', '진심', '목소리', '감동', '같습니다', '해도', '고생', '행복한', '연말']"
k5O1F_IS0mU,['아름답다']
k5O1F_IS0mU,"['진짜', '근본']"
k5O1F_IS0mU,"['어떻게', '시간', '결성', '아이돌', '같았는데', '인정', '개추']"
k5O1F_IS0mU,"['그래이게', '있어야지']"
k5O1F_IS0mU,"['주르르', '머리카락', '고개', '리듬', '진짜', '좋다', '안무', '대박']"
k5O1F_IS0mU,"['크리스마스', '선물']"
k5O1F_IS0mU,"['안무', '진짜', '좋다', '벌써', '개월']"
k5O1F_IS0mU,"['진짜', '본인', '아니면', '릴파님', '건강']"
k5O1F_IS0mU,
k5O1F_IS0mU,
k5O1F_IS0mU,"['좋다', '비주', '센터', '르르땅', '댄브', '미쳤']"
k5O1F_IS0mU,"['제기랄', '영상', '숭배', '숭배', '시작', '숭배']"
k5O1F_IS0mU,['행복하']
k5O1F_IS0mU,"['진짜', '영원히']"
k5O1F_IS0mU,"['벌써', '실감', '그때', '다시', '뭔가']"
k5O1F_IS0mU,"['오디션', '응원', '진짜', '사랑', '영원해', '하루하루', '덕분', '행복해']"
k5O1F_IS0mU,
k5O1F_IS0mU,"['감동', '있다']"
k5O1F_IS0mU,"['처음', '리안', '소리', '최대로', '대고', '있었는데', '깜짝']"
k5O1F_IS0mU,
k5O1F_IS0mU,"['벌써', '개월', '전이', '세계', '아이돌', '진짜', '높이', '좋겠습니다']"
k5O1F_IS0mU,['은신']
k5O1F_IS0mU,"['겨울', '완벽하다']"
k5O1F_IS0mU,"['여기', '느꼇던', '짜릿함']"
k5O1F_IS0mU,
k5O1F_IS0mU,"['영상', '아쉬운건', '직접', '안무가', '모션', '캡쳐', '서로', '실물', '직접', '모션캡쳐', '거나', '깔깔이', '모습', '생방송']"
k5O1F_IS0mU,"['사랑', '영원해']"
k5O1F_IS0mU,"['굳이', '대단하게']"
k5O1F_IS0mU,
k5O1F_IS0mU,"['영상', '그때', '뜨거웠던', '함성', '소리', '귓가']"
k5O1F_IS0mU,
k5O1F_IS0mU,"['벌써', '전이']"
k5O1F_IS0mU,"['노래', '좋네요']"
k5O1F_IS0mU,"['장기', '자랑']"
k5O1F_IS0mU,['참내']
k5O1F_IS0mU,"['지금', '시대', '행복할', '대단하게']"
k5O1F_IS0mU,"['좋은걸', '사람']"
k5O1F_IS0mU,"['언제', '갈래']"
k5O1F_IS0mU,
k5O1F_IS0mU,"['년전', '있어서', '기술', '좋다고', '생각', '지금', '완전', '성장한', '얼마나', '성장할지', '아바타', '이쁠거', '같음', '영원하자']"
k5O1F_IS0mU,"['처음', '부분', '마자', '가슴', '웅장', '진짜', '레알', '실화', '진짜', '황영', '바로', '웅장', '대세', '최고']"
k5O1F_IS0mU,"['현장', '감정', '다시', '갱신', '영원히']"
k5O1F_IS0mU,"['근본', '근본', '이유', '있다']"
k5O1F_IS0mU,
k5O1F_IS0mU,
k5O1F_IS0mU,"['이제야', '쩐다']"
k5O1F_IS0mU,['벌써']
k5O1F_IS0mU,"['근본', '미쳤']"
k5O1F_IS0mU,"['진짜', '버전', '볼때', '거리', '어떡하냐']"
k5O1F_IS0mU,"['진짜', '세계', '아이돌', '뮤지션', '페스티벌', '왁굳님', '아카데미', '전부']"
k5O1F_IS0mU,"['한지', '벌써', '시간', '빠르게', '동안', '행복', '직접', '마지막', '감동', '눈물', '행복했습니다', '세계', '아이돌', '화이팅']"
k5O1F_IS0mU,"['진짜', '사랑', '진짜', '있어', '가장', '소중한', '아닐까']"
k5O1F_IS0mU,"['마음', '마지막', '노래', '분위기', '때문', '아닐까', '있을', '마지막', '하나', '노래', '이별', '역시', '드일', '같다는', '그런', '기분']"
k5O1F_IS0mU,
k5O1F_IS0mU,"['문득', '페스티벌', '대단하게']"
k5O1F_IS0mU,"['반주', '같았는데', '폭죽', '막스', '그동안', '처음', '무슨', '아이돌', '확률', '지금', '증명', '아이돌', '어케', '좋아하겠어', '항상', '응원', '영원하자']"
k5O1F_IS0mU,['소름']
k5O1F_IS0mU,"['버전', '다시']"
k5O1F_IS0mU,"['근본', '감동', '있다']"
k5O1F_IS0mU,
k5O1F_IS0mU,
k5O1F_IS0mU,"['벅차고', '그때', '감정', '새록새록', '영상', '얼마나', '안무', '개인', '파트', '좋은데', '동선', '깔끔해서', '아이돌', '자체', '같아다요', '마지막', '시계', '안무', '행복했습니다']"
k5O1F_IS0mU,"['런가', '어려움']"
k5O1F_IS0mU,"['기습', '페스티벌', '버전', '숭배']"
k5O1F_IS0mU,"['노래', '다만세', '포지션', '좋다']"
k5O1F_IS0mU,"['개미', '친부']"
k5O1F_IS0mU,"['현장', '아쉽습니다', '영상', '아연']"
k5O1F_IS0mU,
k5O1F_IS0mU,['눈물']
k5O1F_IS0mU,"['후반', '안무', '좋고', '댄스', '브레이크', '좋음', '낭만']"
k5O1F_IS0mU,['주르르']
k5O1F_IS0mU,"['감동', '있다']"
k5O1F_IS0mU,"['어제', '간전', '영상']"
k5O1F_IS0mU,['띠용']
k5O1F_IS0mU,['나라']
k5O1F_IS0mU,
k5O1F_IS0mU,"['부분', '르르땅', '반주', '박수', '여기', '시계']"
k5O1F_IS0mU,['이뿌다']
k5O1F_IS0mU,"['세계', '아이돌', '최고', '입니다']"
k5O1F_IS0mU,"['오른쪽', '공간', '혼자', '재미있었습니다', '공연', '퀄리티', '무척', '좋았고', '화면', '얼마나', '감동', '마지막', '살짝', '혼자', '신분', '계시더라구요', '깊은', '페스티벌', '공연', '더욱', '좋겠네요']"
k5O1F_IS0mU,"['진짜', '기분']"
k5O1F_IS0mU,"['근본', '안무', '좋음']"
k5O1F_IS0mU,
k5O1F_IS0mU,"['썸네일', '뭔가', '슴슴하']"
k5O1F_IS0mU,
k5O1F_IS0mU,"['동안', '얼마나', '성장했는지', '있었던', '무대', '지금', '왁굳님', '팬치', '이파리', '로서', '응원', '주년', '축하']"
k5O1F_IS0mU,
k5O1F_IS0mU,"['아이돌', '스토리']"
k5O1F_IS0mU,
k5O1F_IS0mU,"['가슴', '웅장']"
k5O1F_IS0mU,"['이야기', '지금']"
k5O1F_IS0mU,"['모션', '진짜', '동안', '보람', '있다']"
k5O1F_IS0mU,
k5O1F_IS0mU,['볼때']
k5O1F_IS0mU,['하이라이트']
k5O1F_IS0mU,"['안무', '진짜', '감동', '있다']"
k5O1F_IS0mU,"['확대', '버전']"
k5O1F_IS0mU,['이뻐']
k5O1F_IS0mU,"['역시', '있는', '감동', '있다', '세구', '근본', '없게', '생건거', '아쉽네']"
k5O1F_IS0mU,"['벌써', '전이', '시간', '빠르기', '행복한', '일이', '생각', '유입', '감회', '새롭네요', '버스', '같습니다', '항상', '응원', '언제', '이파리']"
k5O1F_IS0mU,"['있어서', '소시', '다만세', '여친', '투리', '구슬', '같은', '아련함을', '이미지', '데뷔', '무엇', '적절했던건', '부정', '없다', '킹애킹애']"
k5O1F_IS0mU,"['아이돌', '스토리', '라면', '베스트셀러']"
k5O1F_IS0mU,"['어떻게', '노래', '진짜', '레전드', '노래', '느낌', '없다', '진짜', '왁굳님', '사랑', '진짜']"
k5O1F_IS0mU,"['진짜', '미친거', '같아요']"
k5O1F_IS0mU,['안무']
k5O1F_IS0mU,"['현장', '응원', '진짜']"
k5O1F_IS0mU,"['가슴', '웅장']"
k5O1F_IS0mU,"['그때', '선명합니다', '스탠', '딩석', '주간', '공연', '잔뜩', '버츄얼파트', '미친듯이', '환호', '마지막', '마지막', '리와인드때', '진짜', '주변', '탈진', '직전', '중간', '없었고', '진짜', '기색', '가득했어요', '진짜', '활기', '미친듯이', '그때', '진짜', '진짜', '노래', '있구나', '나름', '호응', '누군가', '누군가', '하나', '페스티벌', '많은게', '증명', '생각', '멋진', '활동', '기대하고', '차원', '다시', '만날', '그날', '있겠습니다', '화이팅']"
k5O1F_IS0mU,"['지금', '올린다', '고오', '진작', '리지']"
k5O1F_IS0mU,"['쵝오', '주년', '벌써', '년전', '노래', '어느덧', '아이돌', '감동', '다시', '한번', '눈물', '이파리', '입니다']"
k5O1F_IS0mU,
k5O1F_IS0mU,['스틱']
k5O1F_IS0mU,['기념']
k5O1F_IS0mU,['드뎌']
k5O1F_IS0mU,"['스토리', '근본', '안무', '티켓', '사고']"
k5O1F_IS0mU,['있었는데']
k5O1F_IS0mU,"['모든', '파트', '좋았어요']"
k5O1F_IS0mU,"['진짜', '진짜', '무대', '없겠지', '내심', '있다가', '무대', '무대', '여느', '아이돌', '처럼', '표현', '읍니', '오늘', '상태', '이상']"
k5O1F_IS0mU,"['모니터', '구입', '이유']"
k5O1F_IS0mU,"['액션', '무용', '같다', '멋지다']"
k5O1F_IS0mU,"['진짜', '그때', '당시', '이파리', '라면', '뭔가', '노래', '가사도', '그렇고', '정체', '같은', '노래']"
k5O1F_IS0mU,
k5O1F_IS0mU,"['연출', '어디가', '단체샷']"
k5O1F_IS0mU,"['믹싱', '다르구나', '좋다', '좋았겠다']"
k5O1F_IS0mU,"['처음', '제일', '처음', '생각', '모먼트', '있습니다', '무겁지도', '가볍지도', '시작', '지금', '처음', '마음', '그대로', '여전히', '이파리', '는걸']"
k5O1F_IS0mU,['볼때']
k5O1F_IS0mU,"['키딩', '입덕', '부정', '정착']"
k5O1F_IS0mU,"['쨍해', '아쉽넹']"
k5O1F_IS0mU,"['웹툰', '사람', '없지']"
k5O1F_IS0mU,"['진짜', '멋있네요', '하트', '시계', '안무가', '독특해서', '좋다']"
k5O1F_IS0mU,"['어멋', '이쁘다']"
k5O1F_IS0mU,
k5O1F_IS0mU,"['버스', '공식', '최초', '공개', '저기', '거지']"
k5O1F_IS0mU,
k5O1F_IS0mU,['대세']
k5O1F_IS0mU,"['다른', '커버', '좋아도', '근본', '없어']"
k5O1F_IS0mU,"['매번', '후렴구', '안무', '처음', '안무', '좋네요']"
k5O1F_IS0mU,
k5O1F_IS0mU,"['진짜', '미치게', '이쁘다', '행복합니다']"
k5O1F_IS0mU,"['진짜', '좋고', '예쁜', '뮤비', '데뷔', '그런지', '덕질', '처음', '지금', '추억', '머리', '떼창', '울음']"
k5O1F_IS0mU,['개추']
k5O1F_IS0mU,"['박사', '타임', '리프']"
k5O1F_IS0mU,['절대']
k5O1F_IS0mU,"['아이돌', '초창', '응원', '기분', '어떤지', '처음', '뿌듯하고', '기쁩니다']"
k5O1F_IS0mU,"['아침', '덕분', '출근길', '있었어요', '오늘', '콘서트']"
k5O1F_IS0mU,"['진짜', '좋은', '추억', '고마워요', '사랑']"
k5O1F_IS0mU,"['시절', '혁신', '시작', '규모', '페스티벌', '주인공', '느낌', '출연', '감동', '이로', '없다', '흐그르급', '이쁘다']"
k5O1F_IS0mU,['좋다']
k5O1F_IS0mU,['버전']
k5O1F_IS0mU,"['지난', '인생', '노래', '하나로', '요약', '가능']"
k5O1F_IS0mU,['오노']
k5O1F_IS0mU,"['처음', '최초', '공개', '감회', '새롭네요']"
k5O1F_IS0mU,"['르르땅', '이쁘게', '원본', '언제', '존사']"
k5O1F_IS0mU,"['아침', '일어나서', '마음', '찡하다']"
k5O1F_IS0mU,"['아이돌', '스토', '립니']"
k5O1F_IS0mU,['권민']
k5O1F_IS0mU,"['파블로프', '개인', '들을떄', '자꾸']"
k5O1F_IS0mU,['영원해']
k5O1F_IS0mU,
k5O1F_IS0mU,['좋다']
k5O1F_IS0mU,
k5O1F_IS0mU,
k5O1F_IS0mU,"['눈물', '버튼']"
k5O1F_IS0mU,"['가슴', '벅차올라']"
k5O1F_IS0mU,"['르르땅', '댄스', '시작', '소름']"
k5O1F_IS0mU,['다시']
k5O1F_IS0mU,"['노래', '소름', '처음', '벅찼던', '기분', '그대로']"
k5O1F_IS0mU,
k5O1F_IS0mU,"['초창', '생각', '거의', '한국', '발전', '같은', '속도']"
k5O1F_IS0mU,
k5O1F_IS0mU,"['새로운', '안무', '미쳐']"
k5O1F_IS0mU,"['현실', '인생', '보지', '감정', '감동', '사랑']"
k5O1F_IS0mU,"['페로', '다시', '여전히', '처음', '그날', '감동']"
k5O1F_IS0mU,['근본']
k5O1F_IS0mU,
k5O1F_IS0mU,"['언제', '뭉클하다', '진짜', '명곡']"
k5O1F_IS0mU,
k5O1F_IS0mU,"['행복하네요', '영원했으면']"
k5O1F_IS0mU,['세상']
k5O1F_IS0mU,
k5O1F_IS0mU,"['안무', '버전', '당시', '감동', '스러워', '오프라인', '공연', '데뷔', '안무', '버전', '데뷔', '행복하고', '감동', '스럽다']"
k5O1F_IS0mU,"['티켓', '연차', '반려', '과장']"
k5O1F_IS0mU,
k5O1F_IS0mU,
k5O1F_IS0mU,
k5O1F_IS0mU,"['아침', '눈가', '촉촉해지네']"
k5O1F_IS0mU,['발판']
k5O1F_IS0mU,"['기술', '없다']"
k5O1F_IS0mU,"['절대', '영원해']"
k5O1F_IS0mU,"['진짜', '다시']"
k5O1F_IS0mU,"['아니', '이제야']"
k5O1F_IS0mU,['이제야']
k5O1F_IS0mU,"['진짜', '세계', '최고다', '동안']"
k5O1F_IS0mU,"['새로운', '안무', '좋아']"
k5O1F_IS0mU,
k5O1F_IS0mU,['좋다']
k5O1F_IS0mU,
k5O1F_IS0mU,"['항상', '응원', '있어요', '태긔형', '화이팅']"
k5O1F_IS0mU,
k5O1F_IS0mU,
k5O1F_IS0mU,
k5O1F_IS0mU,"['꼬질꼬질', '아바타', '직접', '촬영', '시간', '순식간', '동안', '덕분', '행복했어요', '사랑', '영원하자']"
k5O1F_IS0mU,"['아바타', '울면', '감상', '년후', '코앞', '아바타', '울면', '응원']"
k5O1F_IS0mU,"['코로나', '힐링']"
k5O1F_IS0mU,"['진짜', '의상', '볼때', '이쁘고', '감동', '처음', '단체', '깊은것', '같음']"
k5O1F_IS0mU,"['영원히', '사랑', '세계', '아이돌', '환하게', '세계', '아이돌']"
k5O1F_IS0mU,['근본']
k5O1F_IS0mU,"['주년', '축하', '당시', '이파리', '아니었던', '일반인', '응원', '명의', '이파리', '로서', '있다는', '생각', '감회', '새롭네요', '항상', '좋은', '노래', '좋은', '뮤비', '주시', '스태프', '감사', '많은', '감동', '웃음', '기대하고', '있겠습니다', '화이팅']"
k5O1F_IS0mU,"['진짜', '눈물', '진짜', '근본', '좋아']"
k5O1F_IS0mU,['화이팅']
k5O1F_IS0mU,"['영원히', '사랑']"
k5O1F_IS0mU,
k5O1F_IS0mU,
k5O1F_IS0mU,"['가슴', '뭔가', '그런게', '있음']"
k5O1F_IS0mU,['전설']
k5O1F_IS0mU,"['부가', '하트', '졸귀']"
k5O1F_IS0mU,"['아니', '오피셜', '감동', '눈물']"
k5O1F_IS0mU,"['매번', '악기', '연주자', '체급']"
k5O1F_IS0mU,"['드뎌', '감격', '젠쟝']"
k5O1F_IS0mU,"['벌써', '개월', '시간', '빠르구나', '좋았었다']"
k5O1F_IS0mU,"['페때', '가슴', '벅차올라요']"
k5O1F_IS0mU,"['영상', '영상', '고마워']"
k5O1F_IS0mU,['아깝다']
k5O1F_IS0mU,"['지금', '여러', '커버', '신곡', '마음', '최애', '이자', '눈물', '버튼']"
k5O1F_IS0mU,"['진짜', '행복했다', '진짜']"
k5O1F_IS0mU,"['안무', '개편', '좋은데', '여기', '멤버', '하나', '안무가', '귀엽다']"
k5O1F_IS0mU,"['좋은', '노래', '진짜', '찾기', '어려운데', '감동', '매번', '다른', '이런', '있을까']"
k5O1F_IS0mU,"['미쳤다', '우리', '아이돌', '지금', '고생', '좋은', '추억']"
k5O1F_IS0mU,"['전설', '진짜', '그때', '좋다']"
k5O1F_IS0mU,"['진짜', '전설', '미쳐']"
k5O1F_IS0mU,"['벌써', '달이', '저걸', '현장', '기억']"
k5O1F_IS0mU,
k5O1F_IS0mU,"['진짜', '페때', '현장', '오열', '장면', '장면', '기억', '행복해']"
k5O1F_IS0mU,"['진짜', '년전', '꼬질꼬질', '아이돌', '성장하다니', '근본', '진짜', '린다']"
k5O1F_IS0mU,"['진짜', '생방', '진짜', '뻔했는데', '진짜', '행복해야']"
k5O1F_IS0mU,['같다니까']
k5O1F_IS0mU,"['페뽕맛', '다시', '우리', '버스', '개추']"
k5O1F_IS0mU,"['와우', '안무', '노래', '깔끔해졌네요', '파이팅']"
k5O1F_IS0mU,
k5O1F_IS0mU,"['진짜', '한지', '벌써', '가까이', '여운', '남고', '감동', '공연', '처음', '이자', '마지막']"
k5O1F_IS0mU,"['무대', '스탠딩', '있어서', '행복했어요', '눈물', '범벅', '떼창', '없었습니다']"
k5O1F_IS0mU,['좋다']
k5O1F_IS0mU,
k5O1F_IS0mU,"['세계', '아이돌', '이야기', '시작', '입니다', '문장', '진짜', '시작']"
k5O1F_IS0mU,"['진짜', '명곡', '그때', '감동']"
k5O1F_IS0mU,['여태']
k5O1F_IS0mU,"['라이브', '엊그제', '같은데', '벌써', '개월', '안무', '아름답고', '역시', '근본', '근본']"
k5O1F_IS0mU,"['진짜', '부분', '세계', '아이돌', '영원하자', '데뷔', '런가', '서사']"
k5O1F_IS0mU,['맛있다']
k5O1F_IS0mU,"['찬양', '찬양', '방법', '없다', '진짜', '좋아서', '찬양', '있는', '단어', '감정', '정의', '수도', '표현', '수도', '없지만', '우선', '진짜', '좋다', '인생', '항상', '존경', '사랑', '응원', '세계', '아이돌', '화이팅']"
k5O1F_IS0mU,['근본']
k5O1F_IS0mU,"['송도', '감동']"
k5O1F_IS0mU,"['진짜', '직접', '인생', '최고', '업적', '좋다', '진짜', '년전', '상상', '현실', '신기하고', '진짜', '사장', '숭배']"
k5O1F_IS0mU,"['사스', '근본']"
k5O1F_IS0mU,"['감동', '성장']"
k5O1F_IS0mU,['좋다']
k5O1F_IS0mU,"['페때', '가슴', '그러네']"
k5O1F_IS0mU,
k5O1F_IS0mU,"['업로드', '주년', '무대']"
k5O1F_IS0mU,"['르르땅', '폭풍', '댄스']"
k5O1F_IS0mU,['갑자기']
k5O1F_IS0mU,"['시작', '노래']"
k5O1F_IS0mU,"['와우', '근본', '벌써', '아쉬웠는데', '다른', '사람', '영상', '마지막', '폭죽', '대박', '사랑', '활동']"
k5O1F_IS0mU,['좋아요']
k5O1F_IS0mU,"['시간', '여러', '노래', '해도', '처음', '웅장', '비교', '안될거', '같음', '노래', '넓게', '감동', '인드라', '자체', '같습니다']"
k5O1F_IS0mU,"['벌써', '개월', '무대', '엊그제', '같은데']"
k5O1F_IS0mU,['콘서트']
k5O1F_IS0mU,"['진짜', '근본', '미쳤다', '최고', '그때', '설레던', '기분', '다시', '같다이세계', '아이돌', '최고']"
k5O1F_IS0mU,"['진짜', '감동', '입니다']"
k5O1F_IS0mU,['모조']
k5O1F_IS0mU,"['이파리', '잎추', '일단']"
k5O1F_IS0mU,"['눈물', '자꾸만']"
k5O1F_IS0mU,"['르르땅', '신분']"
k5O1F_IS0mU,"['기분', '좋은', '하루', '시작', '뮤비']"
k5O1F_IS0mU,"['진짜', '때매', '행복해']"
k5O1F_IS0mU,['그때']
k5O1F_IS0mU,"['안무', '좋아요']"
k5O1F_IS0mU,"['새삼', '아이돌', '스트리', '얘기', '뢴트님', '대단하게']"
k5O1F_IS0mU,"['전설', '시작']"
k5O1F_IS0mU,
k5O1F_IS0mU,['그래']
k5O1F_IS0mU,"['근본', '진짜', '전율']"
k5O1F_IS0mU,"['일케', '다시', '진짜', '엄청난', '안무']"
k5O1F_IS0mU,"['시계', '바늘', '표현', '안무가', '진짜', '대박']"
k5O1F_IS0mU,"['지금', '업로드', '좋다구']"
k5O1F_IS0mU,"['공연', '여태', '있었던', '추억', '여기', '생각', '순간', '모든', '중이', '서도', '애정', '이인', '같네요', '감동', '응원']"
k5O1F_IS0mU,"['진짜', '눈물', '사랑', '영원하자']"
k5O1F_IS0mU,"['예전', '눈물', '지금', '성장', '아이돌', '성장한는', '습보', '자랑스럽고', '멋져요', '세계', '아이돌', '노력', '모습', '그대로', '가면', '좋겠어요', '세계', '아이돌', '이파리', '형팬치', '세계', '아이돌', '사랑']"
k5O1F_IS0mU,"['다시', '무조건', '같아요', '영원해']"
k5O1F_IS0mU,"['신났는데', '살짝', '같기고', '새로', '안무', '예뻐서', '응원', '응원', '처음', '이파리', '박자', '약간']"
k5O1F_IS0mU,"['새로운', '안무', '좋아', '좋아', '아바타', '아바타']"
k5O1F_IS0mU,"['모바일', '확대']"
k5O1F_IS0mU,"['진짜', '분위기', '환호', '미쳐가지고', '소름', '재밌었는데']"
k5O1F_IS0mU,['근본']
k5O1F_IS0mU,"['언제', '시계', '안무', '린다']"
k5O1F_IS0mU,"['리메이크', '버전', '진짜', '미쳤다']"
k5O1F_IS0mU,"['세계', '페스티벌', '이름', '그때', '하루', '답답한', '현실', '세계', '느낌', '같은', '시간', '다시', '시간', '그때', '자리', '없겠지만', '꿈속', '다시', '한번', '그때', '세계', '아이돌', '화이팅']"
k5O1F_IS0mU,"['미세하게', '안무', '르르땅', '하이라이트', '댄스', '좋았습니다']"
k5O1F_IS0mU,"['뭔가', '상징', '있어', '선지', '노래', '좋은', '새로운', '위상', '변치', '같아']"
k5O1F_IS0mU,
k5O1F_IS0mU,['좋구만']
k5O1F_IS0mU,
k5O1F_IS0mU,"['버거', '허공', '있는', '표정', '귀여워']"
k5O1F_IS0mU,
k5O1F_IS0mU,"['추억', '지금', '장해']"
k5O1F_IS0mU,"['청순', '보컬', '버거', '귀여워', '릴파', '홍조', '여신', '주르르', '예능', '천재', '세구', '음색', '요정', '비챤', '세계', '아이돌']"
k5O1F_IS0mU,"['대박', '무대', '오기', '많은', '과정', '있다는', '과정', '시작', '노래', '더욱', '뭉클한거', '같다', '영원해라', '꽃길']"
k5O1F_IS0mU,"['개월', '전이', '생생한데']"
k5O1F_IS0mU,
k5O1F_IS0mU,
k5O1F_IS0mU,"['진짜', '있는것', '같다', '페때', '해지', '뭔가', '있음']"
k5O1F_IS0mU,['근본']
k5O1F_IS0mU,['띵곡']
k5O1F_IS0mU,"['청순', '보컬', '버거', '귀여워', '릴파', '홍조', '여신', '주르르', '예능', '천재', '세구', '음색', '요정', '비챤', '세계', '아이돌']"
k5O1F_IS0mU,
k5O1F_IS0mU,"['유툽', '후회', '치면', '개추']"
k5O1F_IS0mU,['진짜']
k5O1F_IS0mU,
k5O1F_IS0mU,
k5O1F_IS0mU,"['진짜', '마지막', '시계', '장면', '감동', '또한', '진짜', '시간', '빠르게', '아프지말고', '오래오래', '방송', '좋겠어요']"
k5O1F_IS0mU,"['르르땅', '댄스', '브레이크', '진짜']"
k5O1F_IS0mU,"['안무가', '빡센데']"
k5O1F_IS0mU,"['여름', '기적', '겨울', '다시', '영상']"
k5O1F_IS0mU,
k5O1F_IS0mU,"['세상', '세상']"
k5O1F_IS0mU,"['어쩐지', '버전']"
k5O1F_IS0mU,"['언제', '좋다', '추가', '안무', '새롭게', '리뉴얼', '복장', '웅장', '노랫소리', '자동', '발매', '열기', '생생하게', '좋아서', '좋다는', '어떻게', '표현']"
k5O1F_IS0mU,['전설']
k5O1F_IS0mU,"['직접', '사람', '부럽다']"
k5O1F_IS0mU,
k5O1F_IS0mU,"['얼마나', '다시', '페하', '날로', '일이', '있어도', '응원', '매우', '좋소']"
k5O1F_IS0mU,"['진짜', '우리', '아이돌', '성장했다', '최고다', '특유', '뭉클함이', '좋아']"
k5O1F_IS0mU,"['진짜', '최고다']"
k5O1F_IS0mU,"['새벽', '노래']"
k5O1F_IS0mU,"['그런지', '아바타', '안무가', '년전', '느낌', '좋은', '같다']"
k5O1F_IS0mU,"['근본', '이파리', '로서', '더욱', '멀리', '화이팅']"
k5O1F_IS0mU,"['역시', '근본']"
k5O1F_IS0mU,"['무대', '멋진', '무대', '입니다']"
k5O1F_IS0mU,['새벽']
k5O1F_IS0mU,"['진짜', '근본', '본인']"
k5O1F_IS0mU,"['안무', '진짜', '이뻐', '솔로', '부분', '르르땅', '혼자', '소리', '크게', '업로드']"
k5O1F_IS0mU,
k5O1F_IS0mU,
k5O1F_IS0mU,"['우리', '이쁘다']"
k5O1F_IS0mU,"['세계', '아이돌', '데뷔', '기쁨', '감동', '다시', '세계', '페스티벌', '통해', '다시', '행복하네요']"
k5O1F_IS0mU,"['난이도', '같아']"
k5O1F_IS0mU,"['부분', '매일', '눈물', '가사', '노래', '뭉클해지는', '항상', '응원']"
k5O1F_IS0mU,['최고']
k5O1F_IS0mU,"['버스', '채널']"
k5O1F_IS0mU,
k5O1F_IS0mU,"['좋아', '사랑']"
k5O1F_IS0mU,['지금']
k5O1F_IS0mU,"['진짜', '전설']"
k5O1F_IS0mU,"['인생', '에너지', '활력소']"
k5O1F_IS0mU,"['진짜', '사랑', '이야기', '사랑', '얼굴', '사랑', '노래', '사랑', '어쩌구', '저쩌구']"
k5O1F_IS0mU,"['이파리', '후회', '그때']"
k5O1F_IS0mU,"['역시', '근본']"
k5O1F_IS0mU,"['사랑', '사랑']"
k5O1F_IS0mU,['원한거']
k5O1F_IS0mU,['근본']
k5O1F_IS0mU,"['그런', '없게', '주년']"
k5O1F_IS0mU,"['리메이크', '뭔가', '세련', '있는거', '이미지', '진짜', '언니', '라임', '숙주나물', '등등']"
k5O1F_IS0mU,"['근본', '예쁘고', '멋지고', '벅찼던', '명곡']"
k5O1F_IS0mU,"['콘서트', '버전', '있다고']"
k5O1F_IS0mU,"['아이돌', '스토리', '지금', '우리', '우리', '아이돌', '스토리', '중이']"
k5O1F_IS0mU,"['드때', '생각', '벌써', '많은', '시간', '시간', '변한것도', '많지만', '좋았던', '감정', '좋고', '꾸준히', '좋은', '활동', '행복했습니다', '있으면', '좋을것', '같아요', '항상', '응원', '화이팅']"
k5O1F_IS0mU,
k5O1F_IS0mU,"['세계', '아이돌', '스토리', '감동', '있다']"
k5O1F_IS0mU,"['마지막', '안무가', '좋아']"
k5O1F_IS0mU,"['개인', '느낌', '걸그룹', '댄스', '같다', '느낌', '굉장히', '그렇기에', '멋지고', '예쁜', '안무', '노래', '있어서']"
k5O1F_IS0mU,"['청순', '보컬', '버거', '릴파', '홍조', '여신', '주르르', '예능', '천재', '세구', '음색', '요정', '비챤', '세계', '아이돌', '우리', '처음', '만난', '미소', '마치', '있던', '매일', '바람', '우리', '사이', '혼자', '남아', '상상', '이런', '우리', '처음', '만난', '있게', '모든', '희미해지기', '시간', '없어', '지금', '없는', '거리', '일지', '있다는', '기분', '주저', '걸음', '마음', '바보', '같은지', '자신', '없어', '같은', '좋아', '변한', '세상', '그대로', '있어', '같은', '헤메', '시간', '해도', '함성', '다시', '다라', '다라', '영원히', '다라', '있어', '조각', '마지막', '퍼즐', '하나로', '세상', '무지개', '이런', '우리', '처음', '만난', '있게', '모든', '희미해지기', '시간', '없어', '지금', '없는', '거리', '일지', '세계', '있다는', '기분', '아이돌', '주저', '걸음', '마음', '세상', '해도', '차원', '있어', '지금', '심장', '소리', '같아', '기억', '세상', '시간', '우리', '전방', '함성', '처음', '이자', '마지막', '사랑', '다라', '다라', '우리', '다라', '기억', '꿈속', '시간', '진짜', '간직', '약속', '그대로', '버거', '일파', '짝짝', '주르르', '세구', '비이챤', '짝짝', '영원히', '사랑', '짝짝', '환하게', '세상', '시간', '우리', '처음', '이자', '마지막', '사랑', '함성', '자유롭게']"
k5O1F_IS0mU,"['안무가', '없던', '콘서트', '계기', '안무', '기뻤습니다']"
k5O1F_IS0mU,['사랑']
k5O1F_IS0mU,"['진짜', '노래', '좋다']"
k5O1F_IS0mU,
k5O1F_IS0mU,"['진짜', '좋아']"
k5O1F_IS0mU,
k5O1F_IS0mU,
k5O1F_IS0mU,"['궁금한데', '직접', '아니면', '처럼', '프로그램']"
k5O1F_IS0mU,"['동생', '달라', '이름', '상태', '처음', '그래픽', '관련', '업종', '기술', '궁금하고', '많은', '사람', '즐겁게', '당시', '도무지', '적응', '재밌나', '생각', '영상', '몇개', '시작', '명의', '이파리', '응원', '화이팅']"
k5O1F_IS0mU,"['감동', '있다']"
k5O1F_IS0mU,['항상']
k5O1F_IS0mU,"['안무', '버전', '감동', '자체']"
k5O1F_IS0mU,['근본']
k5O1F_IS0mU,
k5O1F_IS0mU,
k5O1F_IS0mU,"['데뷔', '만큼', '오프라인', '무대', '기대', '새로운', '안무', '리메이크', '좋았다', '꽃길']"
k5O1F_IS0mU,"['진짜', '다시']"
k5O1F_IS0mU,"['진짜', '언제', '어도', '명곡', '같다', '지금', '어도', '신곡', '같에']"
k5O1F_IS0mU,"['진짜', '눈물']"
k5O1F_IS0mU,
k5O1F_IS0mU,"['현장', '분초', '금색', '폭즉', '이파리', '환호', '장난', '아니었는데', '진짜']"
k5O1F_IS0mU,"['르릇당', '독무', '완전', '미쳤다']"
k5O1F_IS0mU,"['언제', '있냐']"
k5O1F_IS0mU,"['아니', '세상', '공식', '다시']"
k5O1F_IS0mU,"['진짜', '좋은']"
k5O1F_IS0mU,
k5O1F_IS0mU,['시간']
k5O1F_IS0mU,"['청순', '보컬', '버거', '릴파', '홍조', '여신', '주르르', '예능', '천재', '세구', '음색', '요정', '비챤', '세계', '아이돌', '최고다']"
k5O1F_IS0mU,"['언제', '좋아', '시간', '노랠', '지금', '같은', '마음', '같아']"
k5O1F_IS0mU,['영원히']
k5O1F_IS0mU,
k5O1F_IS0mU,['영원하라']
k5O1F_IS0mU,['개추']
k5O1F_IS0mU,"['마지막', '시계', '데뷔', '충격']"
k5O1F_IS0mU,['지금']
k5O1F_IS0mU,"['아이돌', '스토리', '연전', '연승']"
k5O1F_IS0mU,
k5O1F_IS0mU,"['진짜', '곡답', '노래', '좋네요', '개인', '대표', '현재', '생각', '당시', '가사', '얼마나', '진짜', '맺힌다']"
k5O1F_IS0mU,"['진짜', '거리']"
k5O1F_IS0mU,"['노래', '젊어지는', '같네욘']"
k5O1F_IS0mU,"['새벽', '어떡함', '만드']"
k5O1F_IS0mU,['사랑']
k5O1F_IS0mU,['고마워요']
k5O1F_IS0mU,"['역시', '고트']"
k5O1F_IS0mU,
k5O1F_IS0mU,"['데뷔', '시작', '올해', '공연', '무사히', '순간', '유튜브', '직접', '좋았을텐데', '모습']"
k5O1F_IS0mU,"['진짜', '레전드']"
k5O1F_IS0mU,
k5O1F_IS0mU,"['우리', '이파리', '개추']"
k5O1F_IS0mU,['왤케']
k5O1F_IS0mU,"['여러분', '모바일', '유튜브', '영상', '전체', '화면', '확대', '즐감']"
k5O1F_IS0mU,
k5O1F_IS0mU,"['처음', '그날', '없는', '추억', '저희', '가슴', '따스하게', '남아', '있습니다', '언제', '보더', '아름다운', '추억', '장면', '저희']"
k5O1F_IS0mU,"['년전', '현재', '과거', '많은', '현재', '과거', '가슴', '웅장']"
k5O1F_IS0mU,"['진짜', '숭배', '없다']"
k5O1F_IS0mU,['응원']
k5O1F_IS0mU,"['진짜', '직관', '천추', '방도', '좋았지만', '현장', '직접', '응원', '감정', '만약', '다음', '콘서트', '연다', '만사', '콘서트']"
k5O1F_IS0mU,['그래']
k5O1F_IS0mU,"['감동', '있다']"
k5O1F_IS0mU,"['하이라이트', '부분', '폭죽', '진짜', '레전드']"
k5O1F_IS0mU,"['동안', '멋진', '추억', '수록', '시절', '좋고', '웅장', '그러네요']"
k5O1F_IS0mU,"['포브스', '선정', '현장', '안보', '손해']"
k5O1F_IS0mU,['지금']
k5O1F_IS0mU,
k5O1F_IS0mU,"['최고', '시작']"
k5O1F_IS0mU,
k5O1F_IS0mU,['좋아요']
k5O1F_IS0mU,"['혼자', '연보', '느낌', '뭉클해지네']"
k5O1F_IS0mU,"['영상', '기억', '생생한데', '벌써']"
k5O1F_IS0mU,"['초기', '버전', '안무가', '좋다', '지금', '좋지만', '그때', '당시', '안무', '추억', '역사', '있어서', '좋은', '안무', '그때', '좋을', '없을', '같아요']"
k5O1F_IS0mU,
k5O1F_IS0mU,
k5O1F_IS0mU,"['마지막', '폭죽', '환호', '기분', '최고', '다음', '무대', '서기', '응원', '항상', '화이팅']"
k5O1F_IS0mU,"['그때', '시간', '같아요']"
k5O1F_IS0mU,['좋다']
k5O1F_IS0mU,['다시']
k5O1F_IS0mU,
k5O1F_IS0mU,"['다음', '폐가', '최대한', '모든', '노력', '참석']"
k5O1F_IS0mU,"['그날', '감동', '마음']"
k5O1F_IS0mU,['벌써']
k5O1F_IS0mU,"['존내', '좋아', '미쳐']"
k5O1F_IS0mU,"['전과', '진짜', '다르네요', '안무', '자동', '눈물', '잎흐흑']"
k5O1F_IS0mU,"['최애', '모먼트']"
k5O1F_IS0mU,
k5O1F_IS0mU,['울면']
k5O1F_IS0mU,"['미쳤다라는', '사랑']"
k5O1F_IS0mU,"['어째서', '눈물']"
k5O1F_IS0mU,"['지금', '세계', '아이돌', '있게', '근본']"
k5O1F_IS0mU,"['진짜', '띵곡']"
k5O1F_IS0mU,"['시간', '지나', '좋네', '띵곡']"
k5O1F_IS0mU,"['근본', '최신', '기술', '다시', '감회', '새롭습니다']"
k5O1F_IS0mU,"['진짜', '년전', '훌륭하게', '성공할거라고는', '생각', '진짜', '멜론', '아이돌', '멜론', '한국', '빌보드', '차트', '진짜', '진짜', '감동', '진짜', '명의', '이자', '똥강아지', '이자', '박쥐', '이자', '폭도', '이자', '세균', '이자', '이자', '이파리', '자랑스럽고', '진짜', '어디']"
k5O1F_IS0mU,"['크레딧', '아주', '잠시', '우왁굳님', '고마워']"
k5O1F_IS0mU,['안무']
k5O1F_IS0mU,"['진짜', '초반', '오열', '정신차리고', '떼창']"
k5O1F_IS0mU,"['아이돌', '스토리', '뢴트게늄', '연전', '연승']"
k5O1F_IS0mU,"['진짜', '다시', '과거']"
k5O1F_IS0mU,"['진짜', '이뿌다', '우리', '아이돌', '진짜', '근본']"
k5O1F_IS0mU,
k5O1F_IS0mU,['눈물']
k5O1F_IS0mU,['좋다']
k5O1F_IS0mU,
k5O1F_IS0mU,['시작']
k5O1F_IS0mU,"['감동', '있다']"
k5O1F_IS0mU,"['감동', '있다', '헤어', '없는', '그런', '느낌', '뭉클하면서', '듣기', '편안한', '노래', '영원하자']"
k5O1F_IS0mU,
k5O1F_IS0mU,"['자기', '달달']"
k5O1F_IS0mU,"['부분', '시계', '안무가', '이쁜것', '같음', '시계', '방향', '가다가', '마지막', '시계', '방향', '레전드']"
k5O1F_IS0mU,"['시계', '안무', '레전드']"
k5O1F_IS0mU,"['눈물', '줄줄']"
k5O1F_IS0mU,"['사랑', '개추']"
k5O1F_IS0mU,"['진짜', '벌써', '개월', '시간', '빠르네요']"
k5O1F_IS0mU,
k5O1F_IS0mU,
k5O1F_IS0mU,"['데뷔', '퀄리티', '새로', '생각', '생각', '콘서트', '근본', '없다']"
k5O1F_IS0mU,"['시계', '깨끗하게', '있어']"
k5O1F_IS0mU,"['진짜', '겨울', '키딩같', '노래', '다른', '감동', '있는거', '같음', '진짜', '우리', '최고']"
k5O1F_IS0mU,"['이파리', '극락', '좌표']"
k5O1F_IS0mU,"['유입', '근본', '이파리', '여러분', '대한', '근본', '가장', '좋았습니다']"
k5O1F_IS0mU,"['안무', '감동', '있다']"
k5O1F_IS0mU,"['쇼츠', '버젼', '영상', '역시', '기대', '우리']"
k5O1F_IS0mU,"['역시', '래전드']"
k5O1F_IS0mU,"['다시', '있게', '생방', '영상', '다운', '방법', '없나']"
k5O1F_IS0mU,['게이']
k5O1F_IS0mU,"['안무', '초창', '오버', '전율', '그때', '감동']"
k5O1F_IS0mU,"['음원', '확실히', '지금', '성숙하네요', '멤버', '가족', '가족', '같은', '인연', '같아서', '항상', '사랑']"
k5O1F_IS0mU,"['벅차', '웅장', '짜릿해', '좋아하는', '기특하다', '진짜']"
k5O1F_IS0mU,"['하이', '진짜']"
k5O1F_IS0mU,"['진짜', '근본', '미쳤다', '오래오래', '좋겠어요']"
k5O1F_IS0mU,"['진짜', '역대', '정점']"
k5O1F_IS0mU,"['개인', '여기', '센터', '잡고', '독주', '르르땅', '좋음', '멤버', '하나', '합류', '뮤비', '콘서트', '장면', '있었는데', '콘서트', '저희', '있었다고', '생각', '감동']"
k5O1F_IS0mU,"['진짜', '좋다']"
k5O1F_IS0mU,"['좋아', '어떠케']"
k5O1F_IS0mU,"['진짜', '전설', '영원히', '노래', '최고']"
k5O1F_IS0mU,"['비록', '영화관', '감동', '있었다']"
k5O1F_IS0mU,"['추억', '노래']"
k5O1F_IS0mU,['그날']
k5O1F_IS0mU,"['안되겠다', '오디션', '다시', '정주', '행해']"
k5O1F_IS0mU,
k5O1F_IS0mU,['우리']
k5O1F_IS0mU,"['시간', '이유']"
k5O1F_IS0mU,"['감동', '다시']"
k5O1F_IS0mU,"['역대', '명곡', '처음', '거부', '기어', '입덕', '역사상', '유일', '언터쳐블']"
k5O1F_IS0mU,['사랑']
k5O1F_IS0mU,
k5O1F_IS0mU,['좋다']
k5O1F_IS0mU,
k5O1F_IS0mU,"['아니아니', '새벽', '일이']"
k5O1F_IS0mU,"['진짜', '무언가', '있어']"
k5O1F_IS0mU,"['개월', '전이', '다시', '감동']"
k5O1F_IS0mU,
k5O1F_IS0mU,"['진짜', '뭔가', '남다르다', '뭔가', '벅차오름']"
k5O1F_IS0mU,"['시계', '안무', '좋아']"
k5O1F_IS0mU,"['진짜', '전설']"
k5O1F_IS0mU,"['마지막', '부분', '하트', '옛날', '추억', '같네요', '사랑']"
k5O1F_IS0mU,"['진짜', '감동']"
k5O1F_IS0mU,
k5O1F_IS0mU,
k5O1F_IS0mU,"['개지', '렸댜']"
k5O1F_IS0mU,['좋아']
k5O1F_IS0mU,"['생각', '유입', '웁니']"
k5O1F_IS0mU,['명곡']
k5O1F_IS0mU,"['데뷔', '영상', '댓글', '지금', '느낌']"
k5O1F_IS0mU,"['현장', '마지막', '폭죽', '진짜', '소름', '폭죽', '보관', '벌써', '달이', '콘서트']"
k5O1F_IS0mU,"['고개', '미는거', '최애', '안무']"
k5O1F_IS0mU,"['안무', '아쉽다', '진짜', '레알', '세계', '아이돌', '오래오래', '화이팅']"
k5O1F_IS0mU,"['멤버', '발전', '이파리', '우리', '성장했어', '같아서', '감동', '성장하는', '이파리']"
k5O1F_IS0mU,['좋다']
k5O1F_IS0mU,"['최고', '입니다']"
k5O1F_IS0mU,"['옛날', '꼬질꼬질', '진짜', '감동', '옛날', '현재', '미래', '스토리', '얘기', '같음']"
k5O1F_IS0mU,"['우리', '마음속', '자리']"
k5O1F_IS0mU,"['마지막', '시계', '안무', '다시', '한번', '감동']"
k5O1F_IS0mU,"['기존', '포인트', '안무', '감성', '완벽하게', '무대', '완성', '프라', '우드', '먼에게', '압도', '감사', '열자']"
k5O1F_IS0mU,"['진짜', '눈물']"
k5O1F_IS0mU,"['행복했었는데', '행복해', '영원히']"
k5O1F_IS0mU,"['처음', '없는', '벅참이', '있었지만', '추억', '지금', '다시', '다른', '벅참이', '있네요', '레전드']"
k5O1F_IS0mU,"['진짜', '시계', '안무', '다시', '누가', '아이디어', '일지', '진짜', '미쳤다']"
k5O1F_IS0mU,
k5O1F_IS0mU,
k5O1F_IS0mU,"['시보', '감회', '새롭다', '자체']"
k5O1F_IS0mU,"['진짜', '페때', '반주', '가슴', '웅장', '하이', '거디', '사랑']"
k5O1F_IS0mU,"['감동', '있다']"
k5O1F_IS0mU,
k5O1F_IS0mU,['최고다']
k5O1F_IS0mU,"['오디션', '노래']"
k5O1F_IS0mU,"['감동', '있다']"
k5O1F_IS0mU,['영원히']
k5O1F_IS0mU,"['솔로', '부분', '아련하고', '옛날', '생각', '나드', '노래', '벌써']"
k5O1F_IS0mU,"['르르땅', '이런', '장면', '있었구나']"
k5O1F_IS0mU,"['하나', '완벽한', '무대', '즐겁고', '고맙고', '뭉클한', '현장', '분위기', '든든한', '동지', '떼창', '우릴', '있을거란', '뿌듯함']"
k5O1F_IS0mU,"['진짜', '눈물', '버튼', '영원해']"
k5O1F_IS0mU,"['처음', '트위치', '생방', '보기', '시작', '대박']"
k5O1F_IS0mU,"['평생', '사랑']"
k5O1F_IS0mU,['덕질']
k5O1F_IS0mU,"['진짜', '전설']"
k5O1F_IS0mU,"['개인', '부분', '부분', '좋다']"
k5O1F_IS0mU,"['근본', '자체']"
k5O1F_IS0mU,"['노래', '처음', '순간', '없다']"
k5O1F_IS0mU,"['어느새', '눈물', '버튼', '비린', '근본']"
k5O1F_IS0mU,"['감동', '자체', '주르륵']"
k5O1F_IS0mU,"['성적', '감성', '같다', '지금', '어도', '아련하고']"
k5O1F_IS0mU,"['현장', '크게', '외치', '응원', '기억', '전율', '없는', '추억']"
k5O1F_IS0mU,
k5O1F_IS0mU,['시간']
k5O1F_IS0mU,['웅장']
k5O1F_IS0mU,"['생방', '사람', '거임', '감동', '폭죽', '막스', '진심', '그동안']"
k5O1F_IS0mU,['감동']
k5O1F_IS0mU,"['먼가', '감동', '먼가', '뭉클하다']"
k5O1F_IS0mU,
k5O1F_IS0mU,
k5O1F_IS0mU,
k5O1F_IS0mU,"['진짜', '차원', '감동']"
k5O1F_IS0mU,"['감동', '있다']"
k5O1F_IS0mU,
k5O1F_IS0mU,"['영상', '긴장감', '고통', '무대', '감동', '그때', '바람', '진짜', '좋아']"
k5O1F_IS0mU,"['새로운', '추억', '있었던', '행복했습니다', '페을', '위해', '모든', '전하']"
k5O1F_IS0mU,"['요게', '인제']"
k5O1F_IS0mU,['전설']
k5O1F_IS0mU,"['세계', '아이돌', '절대', '안될', '서사']"
k5O1F_IS0mU,
k5O1F_IS0mU,"['사랑', '진짜']"
k5O1F_IS0mU,['화이팅']
k5O1F_IS0mU,"['감동', '있다']"
k5O1F_IS0mU,"['어째서', '눈물']"
k5O1F_IS0mU,"['키딩', '노래', '세계', '아이돌', '이야기', '시작', '입니다', '장보고', '현장', '벌써', '개월']"
k5O1F_IS0mU,['사랑']
k5O1F_IS0mU,
k5O1F_IS0mU,"['감동', '유튜브']"
k5O1F_IS0mU,"['처음', '이자', '마지막', '사랑']"
k5O1F_IS0mU,"['다시', '감동']"
k5O1F_IS0mU,"['진짜', '좋고', '솔직히', '현장', '응원', '아쉬웠음', '다음', '이런', '기회', '있으면', '진짜', '완벽하게', '좋겠음', '어떻게', '부여', '자기', '파트', '유일하고', '가수', '무대', '수단', '진짜', '아이돌', '생각', '아이돌', '팬덤', '행동', '아니라고']"
k5O1F_IS0mU,"['그때', '현장', '그때', '감동']"
k5O1F_IS0mU,
k5O1F_IS0mU,"['근본', '있었던', '진짜', '인생', '최고', '콘서트', '현장', '다시', '상기', '있을까', '한번', '느낌']"
k5O1F_IS0mU,
k5O1F_IS0mU,"['진짜', '영상']"
k5O1F_IS0mU,"['진짜', '사이', '기술', '꼬질꼬질', '아바타', '엊그제', '같은데', '벌써']"
k5O1F_IS0mU,"['뮤비', '무대', '응원봉', '응원봉', '직접', '사람', '라면', '감동', '없다']"
k5O1F_IS0mU,"['새삼', '굳이', '존경', '스럽다']"
k5O1F_IS0mU,['오니']
k5O1F_IS0mU,"['안무', '좋아']"
k5O1F_IS0mU,"['시작', '애틋하고', '안무', '의상', '성장한', '느낌', '감동', '오래오래', '좋겠다']"
k5O1F_IS0mU,"['진짜', '안무', '버전', '멋있다']"
k5O1F_IS0mU,"['진짜', '좋다', '최고다']"
k5O1F_IS0mU,"['처음', '약간', '그랜드체이스', '같네']"
k5O1F_IS0mU,
k5O1F_IS0mU,"['당일', '진짜']"
k5O1F_IS0mU,
k5O1F_IS0mU,"['감성', '다시', '같아서', '좋다', '안무', '진짜', '좋고', '아름다우시다', '절대', '추억', '이자', '기억']"
k5O1F_IS0mU,
k5O1F_IS0mU,"['직관', '승리자']"
k5O1F_IS0mU,['소름']
k5O1F_IS0mU,['이제야']
k5O1F_IS0mU,
k5O1F_IS0mU,
k5O1F_IS0mU,"['여기', '댄스', '브레이크', '좋음']"
k5O1F_IS0mU,['전설']
k5O1F_IS0mU,['사랑']
k5O1F_IS0mU,"['사랑', '이런', '멋지고', '사랑스러운', '아이돌', '행복하고', '노력']"
k5O1F_IS0mU,"['세계', '아이돌', '화이팅']"
k5O1F_IS0mU,
k5O1F_IS0mU,"['시간', '빠르다']"
k5O1F_IS0mU,['사랑']
k5O1F_IS0mU,['분전']
k5O1F_IS0mU,"['인생', '크나큰', '기억', '같아요', '롱런']"
k5O1F_IS0mU,"['와이드', '모니터', '사면']"
k5O1F_IS0mU,['사랑']
k5O1F_IS0mU,"['진짜', '벅차오르는', '감정', '없다']"
k5O1F_IS0mU,
k5O1F_IS0mU,"['아니아니', '미친거', '아니야', '진짜', '행복', '진짜', '사랑', '포에버']"
k5O1F_IS0mU,['파이팅']
k5O1F_IS0mU,
k5O1F_IS0mU,"['진짜', '안무', '버전', '멋있고', '예쁘다', '진짜', '좋아요']"
k5O1F_IS0mU,"['마스터', '소름']"
k5O1F_IS0mU,"['내년', '지방']"
k5O1F_IS0mU,
k5O1F_IS0mU,"['며칠', '이파리']"
k5O1F_IS0mU,['버전']
k5O1F_IS0mU,"['가슴', '린다']"
k5O1F_IS0mU,
k5O1F_IS0mU,"['진짜', '여기', '얼마나', '많은', '일이', '있었던가']"
k5O1F_IS0mU,
k5O1F_IS0mU,"['버전', '미쳤다']"
k5O1F_IS0mU,"['버스', '사랑', '없어']"
k5O1F_IS0mU,['순간']
k5O1F_IS0mU,"['노래', '진짜', '좋다']"
k5O1F_IS0mU,
k5O1F_IS0mU,"['마지막', '진짜', '소리']"
k5O1F_IS0mU,
k5O1F_IS0mU,"['그날', '다시', '한번']"
k5O1F_IS0mU,"['다시', '좋다']"
k5O1F_IS0mU,"['현장', '올해', '제일', '일이']"
k5O1F_IS0mU,
k5O1F_IS0mU,"['진짜', '좋다', '좋다', '진짜', '좋다']"
k5O1F_IS0mU,
k5O1F_IS0mU,"['오디션', '시절', '엊그제', '같은데']"
k5O1F_IS0mU,"['존버', '성공', '잎추']"
k5O1F_IS0mU,['거만']
k5O1F_IS0mU,"['캬이세페', '버전', '좋아']"
k5O1F_IS0mU,"['버전', '인드라', '좋군요']"
k5O1F_IS0mU,
k5O1F_IS0mU,['좋다']
k5O1F_IS0mU,"['와우', '걱정', '아주', '좋아요']"
k5O1F_IS0mU,
k5O1F_IS0mU,"['새벽', '어림', '없지']"
k5O1F_IS0mU,['좋아']
k5O1F_IS0mU,"['당시', '전율', '진짜', '세계', '아이돌', '사랑']"
k5O1F_IS0mU,"['지금', '같아']"
k5O1F_IS0mU,['사랑']
k5O1F_IS0mU,['미쳤다']
k5O1F_IS0mU,
k5O1F_IS0mU,['시간']
k5O1F_IS0mU,['형사']
k5O1F_IS0mU,['키타']
k5O1F_IS0mU,"['좋아하면', '개추']"
k5O1F_IS0mU,
k5O1F_IS0mU,['절대']
k5O1F_IS0mU,
k5O1F_IS0mU,"['아니', '새벽']"
k5O1F_IS0mU,"['다시', '그때', '얼마', '안된거', '같은데', '벌써']"
k5O1F_IS0mU,
k5O1F_IS0mU,"['진짜', '미쳤다']"
k5O1F_IS0mU,['지금']
k5O1F_IS0mU,"['시보', '좋다']"
k5O1F_IS0mU,['전설']
k5O1F_IS0mU,['좋다']
k5O1F_IS0mU,['시간']
k5O1F_IS0mU,"['벌써', '개월']"
k5O1F_IS0mU,
k5O1F_IS0mU,
k5O1F_IS0mU,"['진짜', '그날', '감동', '그날', '눈물', '영원히', '추억']"
k5O1F_IS0mU,
k5O1F_IS0mU,['영상']
k5O1F_IS0mU,
k5O1F_IS0mU,['쩐다']
k5O1F_IS0mU,['캬아']
k5O1F_IS0mU,['좋아요']
k5O1F_IS0mU,
k5O1F_IS0mU,['근본']
k5O1F_IS0mU,"['순간', '얼마나']"
k5O1F_IS0mU,['와우']
k5O1F_IS0mU,"['세계', '아이돌']"
k5O1F_IS0mU,
k5O1F_IS0mU,
k5O1F_IS0mU,"['인생', '그러한', '행복', '기쁨', '있었던', '시간', '다시', '노래', '다시', '현장', '느낌', '인생', '콘서트', '콘서트', '여서', '더욱', '콘서트', '노래인것', '같습니다']"
k5O1F_IS0mU,"['버전', '버스']"
k5O1F_IS0mU,
k5O1F_IS0mU,
k5O1F_IS0mU,
k5O1F_IS0mU,['갑자기']
k5O1F_IS0mU,
k5O1F_IS0mU,
k5O1F_IS0mU,
k5O1F_IS0mU,
k5O1F_IS0mU,
k5O1F_IS0mU,"['갑자기', '좋아']"
k5O1F_IS0mU,
k5O1F_IS0mU,
k5O1F_IS0mU,
k5O1F_IS0mU,
k5O1F_IS0mU,['미친']
k5O1F_IS0mU,
k5O1F_IS0mU,
k5O1F_IS0mU,
k5O1F_IS0mU,
k5O1F_IS0mU,['미친']
k5O1F_IS0mU,
k5O1F_IS0mU,
k5O1F_IS0mU,
k5O1F_IS0mU,
