,nouns
bltjk6NfDQM,
bltjk6NfDQM,"['기계', '기계', '나스']"
bltjk6NfDQM,
bltjk6NfDQM,"['혹시', '사람']"
bltjk6NfDQM,
bltjk6NfDQM,"['이서', '레전드']"
bltjk6NfDQM,
bltjk6NfDQM,
bltjk6NfDQM,
bltjk6NfDQM,
bltjk6NfDQM,['사랑']
bltjk6NfDQM,
bltjk6NfDQM,
bltjk6NfDQM,
bltjk6NfDQM,['이요']
bltjk6NfDQM,"['원영', '레이', '유진', '가을', '노래']"
bltjk6NfDQM,
bltjk6NfDQM,
bltjk6NfDQM,
bltjk6NfDQM,
bltjk6NfDQM,
bltjk6NfDQM,"['이서', '이뻣']"
bltjk6NfDQM,
bltjk6NfDQM,
bltjk6NfDQM,
bltjk6NfDQM,
bltjk6NfDQM,
bltjk6NfDQM,
bltjk6NfDQM,
bltjk6NfDQM,
bltjk6NfDQM,
bltjk6NfDQM,
bltjk6NfDQM,
bltjk6NfDQM,
bltjk6NfDQM,
bltjk6NfDQM,
bltjk6NfDQM,
bltjk6NfDQM,
bltjk6NfDQM,
bltjk6NfDQM,
bltjk6NfDQM,
bltjk6NfDQM,
bltjk6NfDQM,
bltjk6NfDQM,
bltjk6NfDQM,
bltjk6NfDQM,
bltjk6NfDQM,
bltjk6NfDQM,
bltjk6NfDQM,"['컨셉', '한번', '더해줫으']"
bltjk6NfDQM,"['우리', '아이브']"
bltjk6NfDQM,
bltjk6NfDQM,
bltjk6NfDQM,
bltjk6NfDQM,
bltjk6NfDQM,
bltjk6NfDQM,"['이재', '아이브', '역사', '시작']"
bltjk6NfDQM,"['유진', '진짜']"
bltjk6NfDQM,"['장원영', '해도', '멤버']"
bltjk6NfDQM,
bltjk6NfDQM,"['그날', '보랏빛']"
bltjk6NfDQM,
bltjk6NfDQM,
bltjk6NfDQM,
bltjk6NfDQM,"['진짜', '아이브', '시작', '외모', '실력', '완성형']"
bltjk6NfDQM,
bltjk6NfDQM,"['이서', '동글동글', '애기']"
bltjk6NfDQM,"['역시', '리즈', '원래']"
bltjk6NfDQM,
bltjk6NfDQM,['유진']
bltjk6NfDQM,
bltjk6NfDQM,
bltjk6NfDQM,"['개인', '노래', '아이브', '정체', '노래']"
bltjk6NfDQM,
bltjk6NfDQM,"['갑자기', '이서']"
bltjk6NfDQM,
bltjk6NfDQM,"['이서', '갱뱅', '마렵노']"
bltjk6NfDQM,"['노래', '포장']"
bltjk6NfDQM,
bltjk6NfDQM,
bltjk6NfDQM,
bltjk6NfDQM,"['아이브', '고급', '향수', '노래', '일레븐', '럽다', '노래', '별로']"
bltjk6NfDQM,"['누굴', '처음', '장원영', '장원영', '집중', '그룹']"
bltjk6NfDQM,
bltjk6NfDQM,
bltjk6NfDQM,
bltjk6NfDQM,
bltjk6NfDQM,"['분초', '가을']"
bltjk6NfDQM,['원영']
bltjk6NfDQM,
bltjk6NfDQM,"['그때', '안유진', '장원영', '그룹', '리즈', '이서']"
bltjk6NfDQM,
bltjk6NfDQM,
bltjk6NfDQM,
bltjk6NfDQM,
bltjk6NfDQM,
bltjk6NfDQM,"['파트', '색깔', '세트', '박력']"
bltjk6NfDQM,['이서']
bltjk6NfDQM,
bltjk6NfDQM,"['아이브', '카메라감독', '멋찌']"
bltjk6NfDQM,
bltjk6NfDQM,
bltjk6NfDQM,
bltjk6NfDQM,['사람']
bltjk6NfDQM,
bltjk6NfDQM,
bltjk6NfDQM,
bltjk6NfDQM,
bltjk6NfDQM,"['이서', '초등학생', '아이돌', '연습생', '바로', '아이브', '데뷔']"
bltjk6NfDQM,"['이서', '중때', '데뷔', '데뷔', '고등학교', '입학', '고이', '중때', '이서', '아이브', '데뷔', '이서', '올해', '년차', '고이', '데뷔', '진짜', '아이브', '콘서트', '투어', '정산', '지금', '껀데', '이서', '성인', '기전', '벌써', '음방', '연말', '수상', '대상', '타고', '연봉', '인맥', '아이돌', '인맥', '아이돌', '서울대', '아이돌', '서울대', '졸업', '졸업생', '대초', '중반', '아이돌', '성공', '서울대', '연봉', '증명', '증명', '분야', '때문', '단순', '비교', '수익']"
bltjk6NfDQM,
bltjk6NfDQM,['아저씨']
bltjk6NfDQM,
bltjk6NfDQM,['진짜']
bltjk6NfDQM,['이서']
bltjk6NfDQM,"['데뷔초', '장원영']"
bltjk6NfDQM,"['제일', '좋았늠']"
bltjk6NfDQM,
bltjk6NfDQM,
bltjk6NfDQM,"['우리', '애기', '전부']"
bltjk6NfDQM,
bltjk6NfDQM,
bltjk6NfDQM,"['원영', '사랑']"
bltjk6NfDQM,"['전설', '머리', '리즈', '탄생']"
bltjk6NfDQM,"['전이', '지금', '전설']"
bltjk6NfDQM,
bltjk6NfDQM,
bltjk6NfDQM,
bltjk6NfDQM,"['태권도', '차안', '노래', '그때', '노래']"
bltjk6NfDQM,
bltjk6NfDQM,
bltjk6NfDQM,"['매니저', '아이브', '매일']"
bltjk6NfDQM,['사람']
bltjk6NfDQM,
bltjk6NfDQM,"['아이브', '활동', '방송', '무대', '무대', '레전드']"
bltjk6NfDQM,
bltjk6NfDQM,"['케이팝', '역사상', '데뷔', '무대', '비주', '충격', '무대', '위인']"
bltjk6NfDQM,
bltjk6NfDQM,
bltjk6NfDQM,
bltjk6NfDQM,"['일레븐', '제일']"
bltjk6NfDQM,
bltjk6NfDQM,"['동선', '진짜', '존경', '발줌', '사실', '멤버']"
bltjk6NfDQM,
bltjk6NfDQM,"['리즈', '다른', '멤버']"
bltjk6NfDQM,
bltjk6NfDQM,"['전설', '이설', '코앞', '줌샷']"
bltjk6NfDQM,['뮤직비디오']
bltjk6NfDQM,"['리즈', '썸네일']"
bltjk6NfDQM,['사랑']
bltjk6NfDQM,
bltjk6NfDQM,"['일래', '뮤비', '처음', '충격']"
bltjk6NfDQM,"['감독', '진심', '리스', '펙트', '아이브', '마스터', '촬영', '느낌', '프로', '정신', '드네', '뭉클', '감동', '보너스', '방송국', '사장']"
bltjk6NfDQM,"['레이', '아이브']"
bltjk6NfDQM,
bltjk6NfDQM,"['장원영', '사랑']"
bltjk6NfDQM,
bltjk6NfDQM,"['감독', '멤버', '임개', '쩐다']"
bltjk6NfDQM,"['이서', '얼빡샷', '궈여웡']"
bltjk6NfDQM,"['무대', '회전목마', '조명', '분위기', '투어', '라이브', '실력', '진짜', '헤메', '의상', '의상', '가을', '크라운', '리즈', '염소', '머리띠', '레이', '토끼', '모자', '이서', '머리색', '원영', '금발', '깜짝선물', '유진', '레드', '브라운', '말모', '일렬', '대형', '웅장', '엔딩', '포즈', '무임', '종합', '선물', '세트']"
bltjk6NfDQM,
bltjk6NfDQM,['띠용']
bltjk6NfDQM,"['진짜', '감탄', '노래', '진심']"
bltjk6NfDQM,
bltjk6NfDQM,
bltjk6NfDQM,"['이서', '원영']"
bltjk6NfDQM,
bltjk6NfDQM,['아이브']
bltjk6NfDQM,
bltjk6NfDQM,
bltjk6NfDQM,
bltjk6NfDQM,"['체포', '유죄', '인간', '신고', '햇습니']"
bltjk6NfDQM,['쩐다']
bltjk6NfDQM,"['가을', '파트', '별로']"
bltjk6NfDQM,['진짜']
bltjk6NfDQM,
bltjk6NfDQM,
bltjk6NfDQM,
bltjk6NfDQM,
bltjk6NfDQM,
bltjk6NfDQM,"['지금', '장원영', '느낌']"
bltjk6NfDQM,
bltjk6NfDQM,['호옹']
bltjk6NfDQM,
bltjk6NfDQM,"['역시', '아이브', '최고', '특기', '노래']"
bltjk6NfDQM,
bltjk6NfDQM,['소리']
bltjk6NfDQM,
bltjk6NfDQM,
bltjk6NfDQM,
bltjk6NfDQM,"['아이브', '최고']"
bltjk6NfDQM,
bltjk6NfDQM,
bltjk6NfDQM,
bltjk6NfDQM,
bltjk6NfDQM,
bltjk6NfDQM,
bltjk6NfDQM,"['아기', '다이브', '차이', '아기', '이서', '칭찬']"
bltjk6NfDQM,
bltjk6NfDQM,
bltjk6NfDQM,
bltjk6NfDQM,
bltjk6NfDQM,
bltjk6NfDQM,
bltjk6NfDQM,['가을']
bltjk6NfDQM,"['오마이', '오마이', '졸귀']"
bltjk6NfDQM,
bltjk6NfDQM,['언제']
bltjk6NfDQM,['할때예쁘넴']
bltjk6NfDQM,
bltjk6NfDQM,
bltjk6NfDQM,
bltjk6NfDQM,
bltjk6NfDQM,
bltjk6NfDQM,"['통천', '최고']"
bltjk6NfDQM,
bltjk6NfDQM,
bltjk6NfDQM,
bltjk6NfDQM,
bltjk6NfDQM,
bltjk6NfDQM,
bltjk6NfDQM,
bltjk6NfDQM,
bltjk6NfDQM,"['일레븐', '충격', '노래', '퍼포머', '장원영', '독보', '어케', '캐스팅', '코디나', '디렉팅', '명도', '충격']"
bltjk6NfDQM,
bltjk6NfDQM,
bltjk6NfDQM,
bltjk6NfDQM,
bltjk6NfDQM,
bltjk6NfDQM,"['코첼라', '여기']"
bltjk6NfDQM,"['진짜', '아이브', '전부', '키도', '음색', '유니크', '다시', '장원영', '그룹', '장원영', '안유진', '리즈', '레이', '가을', '이서', '그룹']"
bltjk6NfDQM,['앨범']
bltjk6NfDQM,"['라이브', '립싱크', '라이브', '단체']"
bltjk6NfDQM,"['최고', '운영자']"
bltjk6NfDQM,
bltjk6NfDQM,
bltjk6NfDQM,
bltjk6NfDQM,['노래']
bltjk6NfDQM,
bltjk6NfDQM,"['진짜', '원영', '얼굴', '프로필', '장원영', '이현', '안유진']"
bltjk6NfDQM,"['일레븐', '전설']"
bltjk6NfDQM,
bltjk6NfDQM,['긋늑']
bltjk6NfDQM,
bltjk6NfDQM,
bltjk6NfDQM,
bltjk6NfDQM,
bltjk6NfDQM,
bltjk6NfDQM,
bltjk6NfDQM,
bltjk6NfDQM,"['리즈', '금발', '인형', '무대', '감미', '목소리']"
bltjk6NfDQM,"['항상', '부분', '놀람']"
bltjk6NfDQM,
bltjk6NfDQM,
bltjk6NfDQM,"['아이브', '언니', '사랑']"
bltjk6NfDQM,
bltjk6NfDQM,
bltjk6NfDQM,
bltjk6NfDQM,
bltjk6NfDQM,"['원영', '레이', '이서', '여고']"
bltjk6NfDQM,['얼빡']
bltjk6NfDQM,
bltjk6NfDQM,"['이서', '얼빡']"
bltjk6NfDQM,
bltjk6NfDQM,"['서얼', '이서', '얼빡', '귀여웡', '이서', '아이브', '악플', '이서', '얼빡', '혹시']"
bltjk6NfDQM,
bltjk6NfDQM,"['중간', '간주', '거의']"
bltjk6NfDQM,
bltjk6NfDQM,
bltjk6NfDQM,
bltjk6NfDQM,
bltjk6NfDQM,
bltjk6NfDQM,
bltjk6NfDQM,
bltjk6NfDQM,
bltjk6NfDQM,
bltjk6NfDQM,
bltjk6NfDQM,"['금보', '이서', '진짜', '애기']"
bltjk6NfDQM,
bltjk6NfDQM,['예의']
bltjk6NfDQM,"['진짜', '레전드', '얼빡이', '카감', '월급']"
bltjk6NfDQM,
bltjk6NfDQM,
bltjk6NfDQM,
bltjk6NfDQM,
bltjk6NfDQM,
bltjk6NfDQM,
bltjk6NfDQM,['노레']
bltjk6NfDQM,
bltjk6NfDQM,
bltjk6NfDQM,['안유진']
bltjk6NfDQM,
bltjk6NfDQM,
bltjk6NfDQM,
bltjk6NfDQM,"['이서', '카메라', '크게']"
bltjk6NfDQM,
bltjk6NfDQM,"['카메라맨', '묶음']"
bltjk6NfDQM,
bltjk6NfDQM,
bltjk6NfDQM,"['머리카락', '눈썹', '그린', '레이']"
bltjk6NfDQM,
bltjk6NfDQM,"['진짜', '레전드']"
bltjk6NfDQM,['인기가요']
bltjk6NfDQM,
bltjk6NfDQM,
bltjk6NfDQM,"['금발', '리즈', '충격']"
bltjk6NfDQM,"['영상', '이정', '카메라', '아웃', '사실', '아웃', '시점', '아웃']"
bltjk6NfDQM,
bltjk6NfDQM,['리즈']
bltjk6NfDQM,"['일레븐', '아이브', '진짜']"
bltjk6NfDQM,"['안유진', '대박']"
bltjk6NfDQM,
bltjk6NfDQM,"['아이브', '데뷔', '이요']"
bltjk6NfDQM,
bltjk6NfDQM,
bltjk6NfDQM,
bltjk6NfDQM,
bltjk6NfDQM,
bltjk6NfDQM,
bltjk6NfDQM,
bltjk6NfDQM,
bltjk6NfDQM,"['리즈', '미모', '진짜', '충격', '진짜', '리즈', '리즈시절']"
bltjk6NfDQM,
bltjk6NfDQM,
bltjk6NfDQM,
bltjk6NfDQM,
bltjk6NfDQM,
bltjk6NfDQM,
bltjk6NfDQM,
bltjk6NfDQM,
bltjk6NfDQM,
bltjk6NfDQM,
bltjk6NfDQM,
bltjk6NfDQM,
bltjk6NfDQM,
bltjk6NfDQM,
bltjk6NfDQM,"['노래', '카메라']"
bltjk6NfDQM,
bltjk6NfDQM,
bltjk6NfDQM,"['원영', '유진', '주목', '원샷', '그룹', '스스로', '타파', '그룹', '멤버', '이상', '아우라', '포스', '서얼', '빡샷', '전설']"
bltjk6NfDQM,['쩐다']
bltjk6NfDQM,
bltjk6NfDQM,
bltjk6NfDQM,
bltjk6NfDQM,
bltjk6NfDQM,
bltjk6NfDQM,['아이브']
bltjk6NfDQM,
bltjk6NfDQM,
bltjk6NfDQM,
bltjk6NfDQM,
bltjk6NfDQM,
bltjk6NfDQM,
bltjk6NfDQM,['이서']
bltjk6NfDQM,
bltjk6NfDQM,
bltjk6NfDQM,
bltjk6NfDQM,
bltjk6NfDQM,
bltjk6NfDQM,
bltjk6NfDQM,['캐리']
bltjk6NfDQM,
bltjk6NfDQM,
bltjk6NfDQM,['와우']
bltjk6NfDQM,
bltjk6NfDQM,
bltjk6NfDQM,"['리즈', '이서', '가을']"
bltjk6NfDQM,
bltjk6NfDQM,"['촬영감독', '진짜', '장인', '움직임', '무대', '뮤직', '비디오']"
bltjk6NfDQM,['리스']
bltjk6NfDQM,
bltjk6NfDQM,"['리즈', '비중', '진짜', '커서', '리즈', '목소리']"
bltjk6NfDQM,
bltjk6NfDQM,
bltjk6NfDQM,
bltjk6NfDQM,
bltjk6NfDQM,
bltjk6NfDQM,
bltjk6NfDQM,
bltjk6NfDQM,
bltjk6NfDQM,
bltjk6NfDQM,
bltjk6NfDQM,"['카메라맨', '누구', '당장', '상주']"
bltjk6NfDQM,"['머리', '발끝']"
bltjk6NfDQM,
bltjk6NfDQM,"['안유진', '아이브']"
bltjk6NfDQM,
bltjk6NfDQM,
bltjk6NfDQM,
bltjk6NfDQM,
bltjk6NfDQM,
bltjk6NfDQM,
bltjk6NfDQM,['완전']
bltjk6NfDQM,
bltjk6NfDQM,
bltjk6NfDQM,"['아이브', '과연', '빌보드', '차트', '뉴진스', '히트', '먼저', '빌보드', '진입', '세라핌', '노력']"
bltjk6NfDQM,"['원영', '제일']"
bltjk6NfDQM,['이서']
bltjk6NfDQM,['리즈']
bltjk6NfDQM,['이조']
bltjk6NfDQM,
bltjk6NfDQM,['워영']
bltjk6NfDQM,['얼굴']
bltjk6NfDQM,
bltjk6NfDQM,
bltjk6NfDQM,['리즈시절']
bltjk6NfDQM,"['역시', '일레븐', '리즈']"
bltjk6NfDQM,
bltjk6NfDQM,['아이브']
bltjk6NfDQM,
bltjk6NfDQM,
bltjk6NfDQM,
bltjk6NfDQM,
bltjk6NfDQM,
bltjk6NfDQM,
bltjk6NfDQM,"['제제', '닌내대잳']"
bltjk6NfDQM,
bltjk6NfDQM,
bltjk6NfDQM,
bltjk6NfDQM,"['리즈', '리즈', '리즈', '리즈', '리즈', '리즈', '리즈', '리즈', '리즈', '리즈', '리즈', '리즈', '리즈', '리즈', '리즈', '리즈', '리즈', '리즈', '리즈', '리즈', '리즈', '리즈', '리즈', '리즈', '리즈', '리즈', '리즈', '리즈', '리즈', '리즈', '리즈', '리즈', '리즈', '리즈', '리즈', '리즈', '리즈', '리즈', '리즈', '리즈', '리즈', '리즈', '리즈', '리즈', '리즈', '리즈', '리즈', '리즈', '리즈', '리즈', '리즈', '리즈']"
bltjk6NfDQM,
bltjk6NfDQM,
bltjk6NfDQM,
bltjk6NfDQM,
bltjk6NfDQM,
bltjk6NfDQM,
bltjk6NfDQM,"['프로', '전부', '매력', '무대', '감격', '감동']"
bltjk6NfDQM,
bltjk6NfDQM,
bltjk6NfDQM,
bltjk6NfDQM,['이서']
bltjk6NfDQM,
bltjk6NfDQM,"['엠빝', '맥아', '헤르', '쯔호', '추리', '허무', '늼니다혜', '숙기', '실시']"
bltjk6NfDQM,['머리띠']
bltjk6NfDQM,"['원영', '파트', '거의']"
bltjk6NfDQM,"['이서', '발음', '이서', '윙크', '치명', '공격']"
bltjk6NfDQM,"['아이브', '일만', '진짜', '누가', '논란']"
bltjk6NfDQM,"['리즈', '머리', '치즈']"
bltjk6NfDQM,['리즈']
bltjk6NfDQM,
bltjk6NfDQM,
bltjk6NfDQM,"['카메라', '실수']"
bltjk6NfDQM,['쵸우']
bltjk6NfDQM,
bltjk6NfDQM,
bltjk6NfDQM,"['이서', '벌써', '시간', '진짜', '간다']"
bltjk6NfDQM,
bltjk6NfDQM,
bltjk6NfDQM,"['장원영', '사랑']"
bltjk6NfDQM,['아이브']
bltjk6NfDQM,"['너비', '그룹', '조디', '폐기', '완성', '하드', '소프트', '부문', '포함', '연결', '기술', '인맥', '시스템', '최초', '개발', '압수', '도용', '형벌', '합산', '리머', '카노', '콱뜰', '기술', '일후', '타이', '몰래', '당사자', '암수', '숫수', '컷둘녀', '간통', '연락처', '말라가', '적금', '달라', '귀가', '후부', '부간', '애정', '오이', '실시']"
bltjk6NfDQM,"['이서', '프로']"
bltjk6NfDQM,"['벌써', '전이', '시간', '간다', '데뷔', '아이브', '항상', '얼굴', '다이브', '힐링', '미래', '아이브', '항상', '다이브', '생각', '악플', '상처', '아이브']"
bltjk6NfDQM,
bltjk6NfDQM,"['리즈', '리즈시절']"
bltjk6NfDQM,"['이서', '리리', '코인']"
bltjk6NfDQM,
bltjk6NfDQM,
bltjk6NfDQM,
bltjk6NfDQM,"['진짜', '무대', '아이브', '일레븐', '음방', '무대', '가장', '레전드']"
bltjk6NfDQM,
bltjk6NfDQM,"['지구', '가장', '아이돌', '노래']"
bltjk6NfDQM,
bltjk6NfDQM,
bltjk6NfDQM,
bltjk6NfDQM,
bltjk6NfDQM,
bltjk6NfDQM,"['카메라', '감독', '진짜', '전문직', '자산', '스카웃', '인재']"
bltjk6NfDQM,"['노래', '완전', '최고']"
bltjk6NfDQM,"['진심', '원영', '최고']"
bltjk6NfDQM,"['장원영', '최고', '장원영', '완잔', '장원영', '사랑']"
bltjk6NfDQM,
bltjk6NfDQM,['노래']
bltjk6NfDQM,['이뽀']
bltjk6NfDQM,
bltjk6NfDQM,"['장원영', '언니', '팬팁', '보임']"
bltjk6NfDQM,
bltjk6NfDQM,
bltjk6NfDQM,
bltjk6NfDQM,"['유독', '이서', '가까이', '카메라']"
bltjk6NfDQM,
bltjk6NfDQM,
bltjk6NfDQM,
bltjk6NfDQM,
bltjk6NfDQM,
bltjk6NfDQM,
bltjk6NfDQM,['진짜']
bltjk6NfDQM,
bltjk6NfDQM,
bltjk6NfDQM,"['우리', '아기', '이서', '레이', '보기']"
bltjk6NfDQM,
bltjk6NfDQM,
bltjk6NfDQM,
bltjk6NfDQM,"['이서', '레전드']"
bltjk6NfDQM,
bltjk6NfDQM,
bltjk6NfDQM,
bltjk6NfDQM,
bltjk6NfDQM,
bltjk6NfDQM,
bltjk6NfDQM,"['얼굴', '빡샷', '원영', '가을', '선배', '리즈', '음색', '유진', '노래', '미모', '완벽', '레이', '실력', '음색']"
bltjk6NfDQM,['언니']
bltjk6NfDQM,
bltjk6NfDQM,
bltjk6NfDQM,
bltjk6NfDQM,
bltjk6NfDQM,
bltjk6NfDQM,
bltjk6NfDQM,
bltjk6NfDQM,"['충격', '일본', '국가대표', '발전', '여자', '학부', '보불툭', '노출', '팬티', '착용', '높이뛰기', '후편']"
bltjk6NfDQM,
bltjk6NfDQM,
bltjk6NfDQM,
bltjk6NfDQM,
bltjk6NfDQM,"['어힌', '나이', '단어']"
bltjk6NfDQM,
bltjk6NfDQM,
bltjk6NfDQM,
bltjk6NfDQM,
bltjk6NfDQM,
bltjk6NfDQM,
bltjk6NfDQM,"['대박', '원영']"
bltjk6NfDQM,"['레이', '이서', '귑분']"
bltjk6NfDQM,"['진짜', '멋지댜']"
bltjk6NfDQM,
bltjk6NfDQM,
bltjk6NfDQM,
bltjk6NfDQM,
bltjk6NfDQM,
bltjk6NfDQM,
bltjk6NfDQM,
bltjk6NfDQM,
bltjk6NfDQM,
bltjk6NfDQM,
bltjk6NfDQM,
bltjk6NfDQM,
bltjk6NfDQM,
bltjk6NfDQM,"['와우', '리즈', '리즈', '완전', '대박', '원영', '유진', '가을', '레이', '이서']"
bltjk6NfDQM,
bltjk6NfDQM,['사랑']
bltjk6NfDQM,
bltjk6NfDQM,
bltjk6NfDQM,
bltjk6NfDQM,
bltjk6NfDQM,
bltjk6NfDQM,"['세대', '걸그룹', '이브', '시작', '상임']"
bltjk6NfDQM,
bltjk6NfDQM,['리즈']
bltjk6NfDQM,"['리즈', '존예', '도입', '몰입', '산다']"
bltjk6NfDQM,['카감']
bltjk6NfDQM,
bltjk6NfDQM,"['아이브', '음악', '리즈', '심해', '스타']"
bltjk6NfDQM,
bltjk6NfDQM,"['치겨', '줘는뎈']"
bltjk6NfDQM,['좋댜']
bltjk6NfDQM,
bltjk6NfDQM,['리즈']
bltjk6NfDQM,"['이서현', '카메라', '가까이']"
bltjk6NfDQM,
bltjk6NfDQM,['이모']
bltjk6NfDQM,"['부다', '이부', '부아']"
bltjk6NfDQM,"['아이브', '사랑']"
bltjk6NfDQM,"['지금', '전체', '원영', '이서', '코디', '원영', '이서', '핑크색', '하나']"
bltjk6NfDQM,['리즈']
bltjk6NfDQM,
bltjk6NfDQM,
bltjk6NfDQM,
bltjk6NfDQM,
bltjk6NfDQM,
bltjk6NfDQM,
bltjk6NfDQM,"['리즈', '리즈', '노임', '흑발', '리즈', '극락']"
bltjk6NfDQM,
bltjk6NfDQM,['귀여웡']
bltjk6NfDQM,
bltjk6NfDQM,
bltjk6NfDQM,
bltjk6NfDQM,
bltjk6NfDQM,
bltjk6NfDQM,
bltjk6NfDQM,
bltjk6NfDQM,
bltjk6NfDQM,
bltjk6NfDQM,
bltjk6NfDQM,"['진짜', '임팩트']"
bltjk6NfDQM,"['가을', '분량', '실력', '왜케없음']"
bltjk6NfDQM,
bltjk6NfDQM,
bltjk6NfDQM,"['카메라', '무빙', '레전드']"
bltjk6NfDQM,"['근접', '하나', '놀란', '안내', '우리', '이서', '칭찬']"
bltjk6NfDQM,
bltjk6NfDQM,
bltjk6NfDQM,
bltjk6NfDQM,['레이']
bltjk6NfDQM,"['일레븐', '진짜', '대박']"
bltjk6NfDQM,"['이서', '깜짝', '서프라이즈', '가까이']"
bltjk6NfDQM,"['땡깡', '절미', '카메라', '무빙']"
bltjk6NfDQM,
bltjk6NfDQM,
bltjk6NfDQM,"['진짜', '아이브']"
bltjk6NfDQM,"['생각', '가을', '위원', '리즈', '이서', '레이', '유진']"
bltjk6NfDQM,
bltjk6NfDQM,"['원영', '리즈', '아이브', '가을', '위원', '영위', '서위', '레이', '위유', '진위', '리즈']"
bltjk6NfDQM,
bltjk6NfDQM,
bltjk6NfDQM,
bltjk6NfDQM,
bltjk6NfDQM,"['레이', '넘흐']"
bltjk6NfDQM,
bltjk6NfDQM,
bltjk6NfDQM,"['머리', '휘릭']"
bltjk6NfDQM,
bltjk6NfDQM,"['카메라', '감독', '나이스']"
bltjk6NfDQM,"['카감', '무빙', '개지', '린다', '진짜']"
bltjk6NfDQM,
bltjk6NfDQM,
bltjk6NfDQM,"['보컬', '노래', '음색', '레이', '리즈', '이서', '원영', '유진', '가을', '다른', '아이돌', '노래', '진짜', '레이', '가을', '원영', '이서', '리즈', '유진', '진짜']"
bltjk6NfDQM,"['카메라감독', '고난', '위도', '테이크', '기립박수']"
bltjk6NfDQM,['레이']
bltjk6NfDQM,
bltjk6NfDQM,"['퀴즈', '오신']"
bltjk6NfDQM,
bltjk6NfDQM,
bltjk6NfDQM,"['사랑', '사랑', '해사']"
bltjk6NfDQM,
bltjk6NfDQM,
bltjk6NfDQM,
bltjk6NfDQM,
bltjk6NfDQM,"['르세리핌', '본가', '일본', '댓글', '카메라', '무빙', '우리나라', '년전', '무빙']"
bltjk6NfDQM,
bltjk6NfDQM,"['다시', '무슨', '뮤직비디오', '진짜', '보너스']"
bltjk6NfDQM,"['퀴즈', '다시']"
bltjk6NfDQM,"['퀴즈', '진짜', '대박', '월급', '인상']"
bltjk6NfDQM,
bltjk6NfDQM,['여기']
bltjk6NfDQM,
bltjk6NfDQM,"['원영', '노래', '원영', '응원']"
bltjk6NfDQM,
bltjk6NfDQM,"['이서', '가을']"
bltjk6NfDQM,"['안유진', '레이', '리즈', '화이팅']"
bltjk6NfDQM,
bltjk6NfDQM,"['이서', '카메라', '크게']"
bltjk6NfDQM,
bltjk6NfDQM,
bltjk6NfDQM,"['아이브', '포텐', '와우']"
bltjk6NfDQM,
bltjk6NfDQM,
bltjk6NfDQM,
bltjk6NfDQM,
bltjk6NfDQM,
bltjk6NfDQM,
bltjk6NfDQM,
bltjk6NfDQM,"['대세', '걸그룹', '장원영', '안유진', '대체', '불가', '존재']"
bltjk6NfDQM,
bltjk6NfDQM,
bltjk6NfDQM,
bltjk6NfDQM,
bltjk6NfDQM,
bltjk6NfDQM,
bltjk6NfDQM,
bltjk6NfDQM,
bltjk6NfDQM,
bltjk6NfDQM,
bltjk6NfDQM,
bltjk6NfDQM,
bltjk6NfDQM,
bltjk6NfDQM,
bltjk6NfDQM,
bltjk6NfDQM,
bltjk6NfDQM,
bltjk6NfDQM,
bltjk6NfDQM,
bltjk6NfDQM,
bltjk6NfDQM,
bltjk6NfDQM,
bltjk6NfDQM,
bltjk6NfDQM,"['대박', '노래', '모든', '멤버']"
bltjk6NfDQM,['장원영']
bltjk6NfDQM,
bltjk6NfDQM,
bltjk6NfDQM,
bltjk6NfDQM,
bltjk6NfDQM,['이서']
bltjk6NfDQM,
bltjk6NfDQM,
bltjk6NfDQM,
bltjk6NfDQM,
bltjk6NfDQM,
bltjk6NfDQM,
bltjk6NfDQM,
bltjk6NfDQM,
bltjk6NfDQM,
bltjk6NfDQM,
bltjk6NfDQM,
bltjk6NfDQM,
bltjk6NfDQM,
bltjk6NfDQM,
bltjk6NfDQM,
bltjk6NfDQM,"['아이브', '일레븐', '영상', '영상', '최고']"
bltjk6NfDQM,
bltjk6NfDQM,
bltjk6NfDQM,
bltjk6NfDQM,
bltjk6NfDQM,
bltjk6NfDQM,
bltjk6NfDQM,
bltjk6NfDQM,
bltjk6NfDQM,
bltjk6NfDQM,
bltjk6NfDQM,
bltjk6NfDQM,
bltjk6NfDQM,
bltjk6NfDQM,['린다']
bltjk6NfDQM,
bltjk6NfDQM,
bltjk6NfDQM,
bltjk6NfDQM,
bltjk6NfDQM,
bltjk6NfDQM,
bltjk6NfDQM,
bltjk6NfDQM,
bltjk6NfDQM,
bltjk6NfDQM,
bltjk6NfDQM,
bltjk6NfDQM,
bltjk6NfDQM,
bltjk6NfDQM,
bltjk6NfDQM,
bltjk6NfDQM,
bltjk6NfDQM,
bltjk6NfDQM,
bltjk6NfDQM,
bltjk6NfDQM,
bltjk6NfDQM,
bltjk6NfDQM,
bltjk6NfDQM,
bltjk6NfDQM,
bltjk6NfDQM,
bltjk6NfDQM,
bltjk6NfDQM,
bltjk6NfDQM,
bltjk6NfDQM,
bltjk6NfDQM,
bltjk6NfDQM,
bltjk6NfDQM,
bltjk6NfDQM,
bltjk6NfDQM,
bltjk6NfDQM,
bltjk6NfDQM,
bltjk6NfDQM,
bltjk6NfDQM,"['아이브', '사랑', '원영', '사랑']"
bltjk6NfDQM,
bltjk6NfDQM,"['댓글', '카감', '표현', '최고']"
bltjk6NfDQM,
bltjk6NfDQM,"['원영', '완전', '공주', '공주']"
bltjk6NfDQM,
bltjk6NfDQM,
bltjk6NfDQM,
bltjk6NfDQM,
bltjk6NfDQM,
bltjk6NfDQM,
bltjk6NfDQM,
bltjk6NfDQM,
bltjk6NfDQM,
bltjk6NfDQM,
bltjk6NfDQM,
bltjk6NfDQM,
bltjk6NfDQM,
bltjk6NfDQM,
bltjk6NfDQM,
bltjk6NfDQM,"['일레븐', '뇌리']"
bltjk6NfDQM,
bltjk6NfDQM,
bltjk6NfDQM,
bltjk6NfDQM,
bltjk6NfDQM,
bltjk6NfDQM,
bltjk6NfDQM,
bltjk6NfDQM,
bltjk6NfDQM,
bltjk6NfDQM,
bltjk6NfDQM,
bltjk6NfDQM,
bltjk6NfDQM,
bltjk6NfDQM,
bltjk6NfDQM,"['노래', '진짜']"
bltjk6NfDQM,
bltjk6NfDQM,
bltjk6NfDQM,"['가을', '파트', '죠켓']"
bltjk6NfDQM,
bltjk6NfDQM,
bltjk6NfDQM,
bltjk6NfDQM,
bltjk6NfDQM,
bltjk6NfDQM,['이서']
bltjk6NfDQM,
bltjk6NfDQM,
bltjk6NfDQM,['짐벌샷']
bltjk6NfDQM,['인트']
bltjk6NfDQM,
bltjk6NfDQM,
bltjk6NfDQM,
bltjk6NfDQM,
bltjk6NfDQM,
bltjk6NfDQM,
bltjk6NfDQM,
bltjk6NfDQM,
bltjk6NfDQM,
bltjk6NfDQM,"['이서', '생각', '명중']"
bltjk6NfDQM,"['부분', '중독']"
bltjk6NfDQM,
bltjk6NfDQM,
bltjk6NfDQM,
bltjk6NfDQM,
bltjk6NfDQM,
bltjk6NfDQM,['노래']
bltjk6NfDQM,
bltjk6NfDQM,
bltjk6NfDQM,"['가을', '대체', '파트']"
bltjk6NfDQM,
bltjk6NfDQM,['사랑']
bltjk6NfDQM,
bltjk6NfDQM,"['단독샷캠', '방송']"
bltjk6NfDQM,
bltjk6NfDQM,"['카메라', '무빙']"
bltjk6NfDQM,"['카메라감독', '술작']"
bltjk6NfDQM,['모해']
bltjk6NfDQM,
bltjk6NfDQM,
bltjk6NfDQM,
bltjk6NfDQM,
bltjk6NfDQM,
bltjk6NfDQM,
bltjk6NfDQM,
bltjk6NfDQM,
bltjk6NfDQM,
bltjk6NfDQM,
bltjk6NfDQM,['머머머머머멈']
bltjk6NfDQM,
bltjk6NfDQM,"['유진', '이전', '유진', '머리', '노래', '목소리']"
bltjk6NfDQM,
bltjk6NfDQM,
bltjk6NfDQM,
bltjk6NfDQM,
bltjk6NfDQM,
bltjk6NfDQM,['존녀']
bltjk6NfDQM,
bltjk6NfDQM,"['아이브', '탄현동']"
bltjk6NfDQM,
bltjk6NfDQM,
bltjk6NfDQM,
bltjk6NfDQM,
bltjk6NfDQM,
bltjk6NfDQM,
bltjk6NfDQM,
bltjk6NfDQM,
bltjk6NfDQM,
bltjk6NfDQM,
bltjk6NfDQM,
bltjk6NfDQM,
bltjk6NfDQM,
bltjk6NfDQM,
bltjk6NfDQM,
bltjk6NfDQM,
bltjk6NfDQM,
bltjk6NfDQM,
bltjk6NfDQM,
bltjk6NfDQM,
bltjk6NfDQM,
bltjk6NfDQM,
bltjk6NfDQM,['사랑']
bltjk6NfDQM,
bltjk6NfDQM,"['언니', '안정', '다이브']"
bltjk6NfDQM,['진짜']
bltjk6NfDQM,
bltjk6NfDQM,
bltjk6NfDQM,
bltjk6NfDQM,['사랑']
bltjk6NfDQM,
bltjk6NfDQM,
bltjk6NfDQM,
bltjk6NfDQM,
bltjk6NfDQM,
bltjk6NfDQM,
bltjk6NfDQM,
bltjk6NfDQM,
bltjk6NfDQM,
bltjk6NfDQM,
bltjk6NfDQM,
bltjk6NfDQM,
bltjk6NfDQM,
bltjk6NfDQM,
bltjk6NfDQM,"['우리', '가을', '언니', '분량', '스타', '가을', '언니', '분량']"
bltjk6NfDQM,
bltjk6NfDQM,
bltjk6NfDQM,
bltjk6NfDQM,
bltjk6NfDQM,
bltjk6NfDQM,
bltjk6NfDQM,
bltjk6NfDQM,"['최고', '신인']"
bltjk6NfDQM,
bltjk6NfDQM,
bltjk6NfDQM,
bltjk6NfDQM,
bltjk6NfDQM,
bltjk6NfDQM,"['춤좀', '정성', '원영', '얼굴']"
bltjk6NfDQM,
bltjk6NfDQM,
bltjk6NfDQM,
bltjk6NfDQM,
bltjk6NfDQM,
bltjk6NfDQM,
bltjk6NfDQM,
bltjk6NfDQM,
bltjk6NfDQM,
bltjk6NfDQM,
bltjk6NfDQM,
bltjk6NfDQM,"['장원영', '볼때', '팔다리', '나뭇가지', '찌웠으']"
bltjk6NfDQM,
bltjk6NfDQM,
bltjk6NfDQM,"['리즈', '음색', '무한', '반복', '음색', '진심']"
bltjk6NfDQM,
bltjk6NfDQM,
bltjk6NfDQM,
bltjk6NfDQM,
bltjk6NfDQM,
bltjk6NfDQM,
bltjk6NfDQM,"['뭔가', '노래']"
bltjk6NfDQM,
bltjk6NfDQM,
bltjk6NfDQM,
bltjk6NfDQM,
bltjk6NfDQM,
bltjk6NfDQM,
bltjk6NfDQM,
bltjk6NfDQM,['아이브']
bltjk6NfDQM,
bltjk6NfDQM,"['카메라', '무빙']"
bltjk6NfDQM,
bltjk6NfDQM,
bltjk6NfDQM,
bltjk6NfDQM,
bltjk6NfDQM,
bltjk6NfDQM,
bltjk6NfDQM,
bltjk6NfDQM,
bltjk6NfDQM,"['장원영', '제일']"
bltjk6NfDQM,
bltjk6NfDQM,
bltjk6NfDQM,
bltjk6NfDQM,
bltjk6NfDQM,
bltjk6NfDQM,
bltjk6NfDQM,
bltjk6NfDQM,
bltjk6NfDQM,"['카메라맨', '하드캐리']"
bltjk6NfDQM,
bltjk6NfDQM,
bltjk6NfDQM,
bltjk6NfDQM,['원영']
bltjk6NfDQM,
bltjk6NfDQM,"['보조개', '무죄']"
bltjk6NfDQM,
bltjk6NfDQM,
bltjk6NfDQM,
bltjk6NfDQM,
bltjk6NfDQM,
bltjk6NfDQM,
bltjk6NfDQM,"['카메라', '무빙']"
bltjk6NfDQM,"['여자', '남자', '얼마나', '엄마', '미소']"
bltjk6NfDQM,"['손목', '절도', '안무', '음색', '눈빛', '치명', '중독', '살짝', '보조개']"
bltjk6NfDQM,
bltjk6NfDQM,
bltjk6NfDQM,
bltjk6NfDQM,
bltjk6NfDQM,
bltjk6NfDQM,
bltjk6NfDQM,
bltjk6NfDQM,
bltjk6NfDQM,
bltjk6NfDQM,
bltjk6NfDQM,
bltjk6NfDQM,
bltjk6NfDQM,
bltjk6NfDQM,
bltjk6NfDQM,['촬영']
bltjk6NfDQM,['워녕이']
bltjk6NfDQM,
bltjk6NfDQM,
bltjk6NfDQM,"['진짜', '극락', '기고']"
bltjk6NfDQM,
bltjk6NfDQM,
bltjk6NfDQM,
bltjk6NfDQM,
bltjk6NfDQM,
bltjk6NfDQM,
bltjk6NfDQM,
bltjk6NfDQM,
bltjk6NfDQM,
bltjk6NfDQM,
bltjk6NfDQM,
bltjk6NfDQM,
bltjk6NfDQM,
bltjk6NfDQM,
bltjk6NfDQM,
bltjk6NfDQM,
bltjk6NfDQM,
bltjk6NfDQM,"['원영', '나름', '힘좀']"
bltjk6NfDQM,"['스브스', '케이팝', '말씀', '잘못', '다시']"
bltjk6NfDQM,['장원영']
bltjk6NfDQM,
bltjk6NfDQM,
bltjk6NfDQM,
bltjk6NfDQM,
bltjk6NfDQM,"['카메라', '어디']"
bltjk6NfDQM,
bltjk6NfDQM,"['카메라', '감독', '완전', '굿굿']"
bltjk6NfDQM,
bltjk6NfDQM,
bltjk6NfDQM,
bltjk6NfDQM,
bltjk6NfDQM,
bltjk6NfDQM,
bltjk6NfDQM,
bltjk6NfDQM,
bltjk6NfDQM,"['카메라', '무빙', '개인', '오지', '정신']"
bltjk6NfDQM,
bltjk6NfDQM,
bltjk6NfDQM,
bltjk6NfDQM,
bltjk6NfDQM,
bltjk6NfDQM,
bltjk6NfDQM,
bltjk6NfDQM,
bltjk6NfDQM,
bltjk6NfDQM,['카메라']
bltjk6NfDQM,
bltjk6NfDQM,['마인']
bltjk6NfDQM,
bltjk6NfDQM,
bltjk6NfDQM,"['눈빛', '무표정', '얼굴', '눈동자', '빼곡', '지금', '감정', '입술', '낯선', '이름', '운지', '실컷', '만큼', '사이', '일렁', '물결', '그날', '보랏빛', '반복', '기분', '감히', '누가', '운지', '실컷', '만큼', '오진', '순간', '미처', '운지', '실컷', '만큼', '사랑']"
bltjk6NfDQM,
bltjk6NfDQM,
bltjk6NfDQM,
bltjk6NfDQM,"['카메라', '감독']"
bltjk6NfDQM,
bltjk6NfDQM,"['중간', '중간', '갑자기', '가까이', '어지러움']"
bltjk6NfDQM,
bltjk6NfDQM,"['장원영', '아이즈']"
bltjk6NfDQM,
bltjk6NfDQM,
bltjk6NfDQM,"['안유진', '어디껀', '아시']"
bltjk6NfDQM,
bltjk6NfDQM,
bltjk6NfDQM,
bltjk6NfDQM,
bltjk6NfDQM,
bltjk6NfDQM,"['이서', '원래']"
bltjk6NfDQM,
bltjk6NfDQM,
bltjk6NfDQM,
bltjk6NfDQM,"['짤방', '이서', '장면', '영상', '카메라', '오히려', '테이크', '멤버', '영상', '음방', '송출된', '건줄', '댓글', '신인', '그룹', '얼굴', '구분', '멤버', '개개인', '입덕', '계기', '카메라', '감독', '완전', '직업', '명도', '다수', '멤버', '테이크', '포인트', '안무', '아웃', '월급', '인상']"
bltjk6NfDQM,"['카메라', '발줌', '아이돌', '무대', '영상', '카메라', '커트', '테이크', '촬영', '화면', '화면', '구도', '안정', '쩐다']"
bltjk6NfDQM,
bltjk6NfDQM,
bltjk6NfDQM,
bltjk6NfDQM,
bltjk6NfDQM,
bltjk6NfDQM,
bltjk6NfDQM,
bltjk6NfDQM,
bltjk6NfDQM,
bltjk6NfDQM,"['장췐빼', '실력', '파네']"
bltjk6NfDQM,
bltjk6NfDQM,
bltjk6NfDQM,
bltjk6NfDQM,"['카메라맨', '셧다']"
bltjk6NfDQM,
bltjk6NfDQM,
bltjk6NfDQM,
bltjk6NfDQM,
bltjk6NfDQM,
bltjk6NfDQM,
bltjk6NfDQM,
bltjk6NfDQM,
bltjk6NfDQM,"['썸네일', '머리', '여자애', '박혜미', '보조개']"
bltjk6NfDQM,
bltjk6NfDQM,"['원래', '카메라', '가까이']"
bltjk6NfDQM,
bltjk6NfDQM,
bltjk6NfDQM,
bltjk6NfDQM,
bltjk6NfDQM,
bltjk6NfDQM,
bltjk6NfDQM,
bltjk6NfDQM,
bltjk6NfDQM,['하나']
bltjk6NfDQM,
bltjk6NfDQM,
bltjk6NfDQM,['이름']
bltjk6NfDQM,
bltjk6NfDQM,
bltjk6NfDQM,
bltjk6NfDQM,['살이']
bltjk6NfDQM,
bltjk6NfDQM,"['여기', '감독', '제일']"
bltjk6NfDQM,"['카메라', '얼굴', '확대', '멀어졋다', '왓다갓다', '요즘', '유행', '정신', '무대', '가수', '현미경', '사진']"
bltjk6NfDQM,
bltjk6NfDQM,
bltjk6NfDQM,
bltjk6NfDQM,"['안녕', '화새']"
bltjk6NfDQM,
bltjk6NfDQM,"['영상', '그동안', '직접', '카메라', '카메라', '감독', '잘못', '다시', '느낌', '실시간', '송출될', '카메라', '셀렉']"
bltjk6NfDQM,"['코찡긋', '표정', '연기', '린다', '홀리', '기분']"
bltjk6NfDQM,
bltjk6NfDQM,"['썸네일', '가요']"
bltjk6NfDQM,['카메라감독']
bltjk6NfDQM,"['핑크', '사람', '이름', '뭔가', '대박']"
bltjk6NfDQM,
bltjk6NfDQM,
bltjk6NfDQM,
bltjk6NfDQM,
bltjk6NfDQM,
bltjk6NfDQM,
bltjk6NfDQM,"['감독', '무빙']"
bltjk6NfDQM,"['이서', '페이스', '카메라맨', '듯이', '움직', '카메라맨', '고생']"
bltjk6NfDQM,"['연습', '했넹']"
bltjk6NfDQM,
bltjk6NfDQM,
bltjk6NfDQM,"['노래', '비주', '스타', '비리', '덩어리', '소속사']"
bltjk6NfDQM,"['카메라', '감독', '진짜']"
bltjk6NfDQM,"['다만', '얼빡', '쪼금']"
bltjk6NfDQM,
bltjk6NfDQM,
bltjk6NfDQM,
bltjk6NfDQM,"['목소리', '자체', '여섯', '매력']"
bltjk6NfDQM,"['이서', '눈알', '최고다', '진짜']"
bltjk6NfDQM,
bltjk6NfDQM,"['리즈', '썸네일']"
bltjk6NfDQM,['흡입']
bltjk6NfDQM,
bltjk6NfDQM,"['여기', '얼빡맛집']"
bltjk6NfDQM,"['누구', '진짜', '유진']"
bltjk6NfDQM,"['소속사', '카메라감독']"
bltjk6NfDQM,
bltjk6NfDQM,"['카메라감독', '모습', '무빙']"
bltjk6NfDQM,"['생각', '장동민', '닮음']"
bltjk6NfDQM,
bltjk6NfDQM,
bltjk6NfDQM,
bltjk6NfDQM,
bltjk6NfDQM,
bltjk6NfDQM,"['카메라', '진짜']"
bltjk6NfDQM,"['고급', '버전', '절미']"
bltjk6NfDQM,['연예인']
bltjk6NfDQM,
bltjk6NfDQM,['카메라']
bltjk6NfDQM,
bltjk6NfDQM,['방송']
bltjk6NfDQM,"['카메라', '장인']"
bltjk6NfDQM,
bltjk6NfDQM,
bltjk6NfDQM,
bltjk6NfDQM,"['바로', '눈앞']"
bltjk6NfDQM,
bltjk6NfDQM,"['카메라', '단독']"
bltjk6NfDQM,
bltjk6NfDQM,
bltjk6NfDQM,
bltjk6NfDQM,"['만족', '최소', '이상은', '고행상']"
bltjk6NfDQM,
bltjk6NfDQM,
bltjk6NfDQM,
bltjk6NfDQM,
bltjk6NfDQM,
bltjk6NfDQM,
bltjk6NfDQM,"['아이브', '흥해랏']"
bltjk6NfDQM,"['카메라감독', '무빙', '장난', '덕분', '무대']"
bltjk6NfDQM,
bltjk6NfDQM,"['금발', '이름', '아무나', '찹쌀떡', '여성']"
bltjk6NfDQM,
bltjk6NfDQM,
bltjk6NfDQM,
bltjk6NfDQM,
bltjk6NfDQM,"['극락', '부분']"
bltjk6NfDQM,
bltjk6NfDQM,
bltjk6NfDQM,['유진']
bltjk6NfDQM,
bltjk6NfDQM,
bltjk6NfDQM,
bltjk6NfDQM,
bltjk6NfDQM,
bltjk6NfDQM,['이서']
bltjk6NfDQM,
bltjk6NfDQM,"['쿵쾅', '장원영', '표정', '가지']"
bltjk6NfDQM,"['노래', '원영', '핑크', '이임', '차별']"
bltjk6NfDQM,['얼빡샷']
bltjk6NfDQM,
bltjk6NfDQM,
bltjk6NfDQM,
bltjk6NfDQM,
bltjk6NfDQM,
bltjk6NfDQM,
bltjk6NfDQM,
bltjk6NfDQM,
bltjk6NfDQM,
bltjk6NfDQM,
bltjk6NfDQM,
bltjk6NfDQM,
bltjk6NfDQM,
bltjk6NfDQM,
bltjk6NfDQM,
bltjk6NfDQM,"['의도', '허리', '앚즈', '데뷔', '라비', '안무', '뭔가', '느낌', '장원영', '안유진', '진짜', '멤버']"
bltjk6NfDQM,
bltjk6NfDQM,['극락']
bltjk6NfDQM,"['스브스', '비트레이트', '유튜브', '서버', '무제한급', '비트', '천도']"
bltjk6NfDQM,"['진짜', '유진', '실력', '장원영', '고음', '비음', '레이', '음색']"
bltjk6NfDQM,['부분']
bltjk6NfDQM,
bltjk6NfDQM,
bltjk6NfDQM,['영상']
bltjk6NfDQM,"['원영', '정신']"
bltjk6NfDQM,
bltjk6NfDQM,
bltjk6NfDQM,
bltjk6NfDQM,
bltjk6NfDQM,
bltjk6NfDQM,"['나머지', '댄서', '장원영', '엇넹']"
bltjk6NfDQM,"['리즈', '머리', '진짜', '존예']"
bltjk6NfDQM,
bltjk6NfDQM,
bltjk6NfDQM,"['이서', '사랑']"
bltjk6NfDQM,
bltjk6NfDQM,
bltjk6NfDQM,
bltjk6NfDQM,
bltjk6NfDQM,
bltjk6NfDQM,
bltjk6NfDQM,
bltjk6NfDQM,
bltjk6NfDQM,
bltjk6NfDQM,"['카메라감독', '얼마나', '다그']"
bltjk6NfDQM,"['이서', '얼빡샷', '런가', '부랴부랴']"
bltjk6NfDQM,"['무슨', '신인', '아이돌', '여유', '넘침', '년차', '걸그룹', '아이브', '모로', '대박']"
bltjk6NfDQM,
bltjk6NfDQM,"['유진', '노래', '피지', '얼굴']"
bltjk6NfDQM,
bltjk6NfDQM,
bltjk6NfDQM,
bltjk6NfDQM,
bltjk6NfDQM,
bltjk6NfDQM,
bltjk6NfDQM,
bltjk6NfDQM,
bltjk6NfDQM,
bltjk6NfDQM,
bltjk6NfDQM,
bltjk6NfDQM,
bltjk6NfDQM,
bltjk6NfDQM,
bltjk6NfDQM,
bltjk6NfDQM,
bltjk6NfDQM,"['카메라맨', '무슨', '문제']"
bltjk6NfDQM,"['카감', '움직임', '스펙']"
bltjk6NfDQM,
bltjk6NfDQM,
bltjk6NfDQM,"['카메라', '초점', '기술', '대박']"
bltjk6NfDQM,
bltjk6NfDQM,
bltjk6NfDQM,
bltjk6NfDQM,
bltjk6NfDQM,
bltjk6NfDQM,
bltjk6NfDQM,
bltjk6NfDQM,
bltjk6NfDQM,
bltjk6NfDQM,"['노래', '별로']"
bltjk6NfDQM,
bltjk6NfDQM,
bltjk6NfDQM,['아이브']
bltjk6NfDQM,
bltjk6NfDQM,
bltjk6NfDQM,
bltjk6NfDQM,
bltjk6NfDQM,
bltjk6NfDQM,"['지음', '역시']"
bltjk6NfDQM,
bltjk6NfDQM,"['카메라', '남자']"
bltjk6NfDQM,
bltjk6NfDQM,
bltjk6NfDQM,['대박']
bltjk6NfDQM,
bltjk6NfDQM,
bltjk6NfDQM,
bltjk6NfDQM,"['세대', '스타', '씨스타', '부흥', '보이']"
bltjk6NfDQM,
bltjk6NfDQM,
bltjk6NfDQM,
bltjk6NfDQM,
bltjk6NfDQM,
bltjk6NfDQM,
bltjk6NfDQM,
bltjk6NfDQM,
bltjk6NfDQM,
bltjk6NfDQM,['가을']
bltjk6NfDQM,"['다리', '진짜', '커서', '시원']"
bltjk6NfDQM,
bltjk6NfDQM,
bltjk6NfDQM,
bltjk6NfDQM,
bltjk6NfDQM,
bltjk6NfDQM,"['얼빡', '무대']"
bltjk6NfDQM,
bltjk6NfDQM,
bltjk6NfDQM,
bltjk6NfDQM,"['물결', '으뤄', '빧져드', '는걸']"
bltjk6NfDQM,"['게훨', '요새', '안무', '동선', '카메라', '대로', '커버']"
bltjk6NfDQM,
bltjk6NfDQM,"['경력', '얼굴', '표정']"
bltjk6NfDQM,
bltjk6NfDQM,
bltjk6NfDQM,
bltjk6NfDQM,"['멤버', '조합', '스타', '거임']"
bltjk6NfDQM,
bltjk6NfDQM,
bltjk6NfDQM,
bltjk6NfDQM,
bltjk6NfDQM,
bltjk6NfDQM,
bltjk6NfDQM,
bltjk6NfDQM,
bltjk6NfDQM,"['얼굴', '거꾸로', '대고', '진짜', '마스터피스', '기분']"
bltjk6NfDQM,['리즈']
bltjk6NfDQM,
bltjk6NfDQM,['걸그룹']
bltjk6NfDQM,
bltjk6NfDQM,"['카메라', '감독', '카메라', '부분']"
bltjk6NfDQM,
bltjk6NfDQM,
bltjk6NfDQM,"['리즈', '이서', '파트', '리즈', '파트', '진짜', '찰떡', '진짜', '보조개', '아이아이', '아야', '파트', '다른', '멤버', '구성']"
bltjk6NfDQM,['무대']
bltjk6NfDQM,
bltjk6NfDQM,
bltjk6NfDQM,
bltjk6NfDQM,
bltjk6NfDQM,"['밴드', '이름', '뭔가']"
bltjk6NfDQM,
bltjk6NfDQM,
bltjk6NfDQM,"['와카', '메라', '무빙', '대박']"
bltjk6NfDQM,
bltjk6NfDQM,
bltjk6NfDQM,
bltjk6NfDQM,
bltjk6NfDQM,"['정미', '방송국']"
bltjk6NfDQM,
bltjk6NfDQM,
bltjk6NfDQM,
bltjk6NfDQM,
bltjk6NfDQM,
bltjk6NfDQM,
bltjk6NfDQM,
bltjk6NfDQM,"['매력', '일인', '더군다나', '각자', '뿜어대', '매력', '장난']"
bltjk6NfDQM,
bltjk6NfDQM,
bltjk6NfDQM,
bltjk6NfDQM,
bltjk6NfDQM,"['카메라', '카메라']"
bltjk6NfDQM,"['와우', '감독', '땡깡', '유튜브', '보셧나보']"
bltjk6NfDQM,
bltjk6NfDQM,['고급']
bltjk6NfDQM,['카감']
bltjk6NfDQM,
bltjk6NfDQM,"['리즈', '보조개', '아기', '고양이']"
bltjk6NfDQM,"['얼빡', '영상']"
bltjk6NfDQM,"['카메라', '무빙']"
bltjk6NfDQM,"['약간', '절미', '같넼넘']"
bltjk6NfDQM,
bltjk6NfDQM,"['감독', '누구', '제일']"
bltjk6NfDQM,"['노래', '처음', '노래', '명곡', '진짜']"
bltjk6NfDQM,
bltjk6NfDQM,
bltjk6NfDQM,"['무대', '보아', '리즈', '파트', '신의', '한수']"
bltjk6NfDQM,
bltjk6NfDQM,"['리즈', '썸네일', '진짜', '미모', '음색', '김지원', '체고']"
bltjk6NfDQM,
bltjk6NfDQM,
bltjk6NfDQM,
bltjk6NfDQM,
bltjk6NfDQM,"['리즈', '확신', '최애', '진짜']"
bltjk6NfDQM,
bltjk6NfDQM,"['리즈', '항상', '리즈', '가을', '파트']"
bltjk6NfDQM,
bltjk6NfDQM,
bltjk6NfDQM,
bltjk6NfDQM,
bltjk6NfDQM,"['카메라', '무빙', '안무', '멤버', '특징']"
bltjk6NfDQM,
bltjk6NfDQM,
bltjk6NfDQM,"['김지원', '이현', '가을']"
bltjk6NfDQM,"['정신', '원래', '음악', '방송', '멤버', '얼굴', '보기', '멤버', '얼굴', '보이', '오히려']"
bltjk6NfDQM,
bltjk6NfDQM,
bltjk6NfDQM,
bltjk6NfDQM,
bltjk6NfDQM,
bltjk6NfDQM,"['남돌', '판지', '금발', '언니', '언니', '홀리']"
bltjk6NfDQM,
bltjk6NfDQM,
bltjk6NfDQM,['가을']
bltjk6NfDQM,
bltjk6NfDQM,"['김지원', '이현', '사랑']"
bltjk6NfDQM,
bltjk6NfDQM,
bltjk6NfDQM,['리즈']
bltjk6NfDQM,
bltjk6NfDQM,
bltjk6NfDQM,
bltjk6NfDQM,
bltjk6NfDQM,['장비']
bltjk6NfDQM,
bltjk6NfDQM,
bltjk6NfDQM,"['가을', '얼굴', '카메라', '이동', '무척', '마음', '드네', '시청자', '바로', '샷입니']"
bltjk6NfDQM,
bltjk6NfDQM,
bltjk6NfDQM,
bltjk6NfDQM,"['가을', '파트', '주지', '다른', '파트', '킬링', '파트', '가을', '다른', '멤버', '존재', '다음', '앨범', '가을', '파트']"
bltjk6NfDQM,
bltjk6NfDQM,
bltjk6NfDQM,
bltjk6NfDQM,"['카메라', '기술']"
bltjk6NfDQM,['가을']
bltjk6NfDQM,
bltjk6NfDQM,
bltjk6NfDQM,
bltjk6NfDQM,
bltjk6NfDQM,"['양갈래', '머리', '드래곤', '드래곤']"
bltjk6NfDQM,
bltjk6NfDQM,
bltjk6NfDQM,"['이서', '기엽다고', '강아지', '강아지']"
bltjk6NfDQM,
bltjk6NfDQM,
bltjk6NfDQM,
bltjk6NfDQM,"['카메라맨', '보너스']"
bltjk6NfDQM,"['레이', '사랑']"
bltjk6NfDQM,
bltjk6NfDQM,
bltjk6NfDQM,
bltjk6NfDQM,
bltjk6NfDQM,
bltjk6NfDQM,
bltjk6NfDQM,
bltjk6NfDQM,"['이서', '천사']"
bltjk6NfDQM,"['전체', '절미', '빙과', '구도', '영상']"
bltjk6NfDQM,
bltjk6NfDQM,"['리즈', '왤케', '진짜', '참내']"
bltjk6NfDQM,"['이서', '양갈래', '머리', '진짜', '덩어리', '이서', '최고다']"
bltjk6NfDQM,"['카감', '버세']"
bltjk6NfDQM,
bltjk6NfDQM,
bltjk6NfDQM,['장원영']
bltjk6NfDQM,"['원영', '사랑', '우리', '애기', '토끼']"
bltjk6NfDQM,"['진짜', '쌍둥이']"
bltjk6NfDQM,"['이서', '아기', '아이브']"
bltjk6NfDQM,
bltjk6NfDQM,"['멜론', '아이브', '센터', '아이돌']"
bltjk6NfDQM,"['음방', '무대', '원래', '음방', '카메라', '전환', '정신', '카메라', '대로', '무대', '몰입도', '인기가요', '카메라', '대만', '가지', '실험', '음방', '단독', '메인', '풀샷', '중간', '중간']"
bltjk6NfDQM,
bltjk6NfDQM,
bltjk6NfDQM,
bltjk6NfDQM,
bltjk6NfDQM,"['문제', '카메라맨', '영상']"
bltjk6NfDQM,
bltjk6NfDQM,
bltjk6NfDQM,
bltjk6NfDQM,
bltjk6NfDQM,"['아이브', '자주']"
bltjk6NfDQM,
bltjk6NfDQM,
bltjk6NfDQM,"['멤버', '임팩트', '타이밍', '표정', '다른', '걸그룹', '제일', '장점', '장점', '경력', '신입', '장원영', '안유진', '성장', '재미', '입덕', '포인트', '생각', '응원']"
bltjk6NfDQM,
bltjk6NfDQM,
bltjk6NfDQM,
bltjk6NfDQM,
bltjk6NfDQM,"['유진', '얼굴', '특기', '노래', '무슨', '명창', '오늘', '소고기', '천재', '강아지']"
bltjk6NfDQM,
bltjk6NfDQM,
bltjk6NfDQM,
bltjk6NfDQM,
bltjk6NfDQM,['라이브']
bltjk6NfDQM,
bltjk6NfDQM,
bltjk6NfDQM,
bltjk6NfDQM,
bltjk6NfDQM,
bltjk6NfDQM,"['인기가요', '무대', '제일', '카메라', '무빙', '퍼펙트', '아이브', '대박']"
bltjk6NfDQM,
bltjk6NfDQM,
bltjk6NfDQM,
bltjk6NfDQM,
bltjk6NfDQM,"['레이', '아기', '최고', '진짜', '매력', '덩어리']"
bltjk6NfDQM,
bltjk6NfDQM,
bltjk6NfDQM,
bltjk6NfDQM,
bltjk6NfDQM,"['레이', '매력']"
bltjk6NfDQM,
bltjk6NfDQM,
bltjk6NfDQM,"['영상', '키포인트', '졸귀']"
bltjk6NfDQM,
bltjk6NfDQM,
bltjk6NfDQM,
bltjk6NfDQM,
